P00395,COG0843,NA,HBG003841,FHGLASM,K02256
P24893,A9RAH7,,O03515,Q9ZZ64,Q34388
ENSCAFP00000030311,Q0H8X8,,Q599A1,P48888,Q0H8X7
O21042,A9RAH6,,P41293,P48659,A9RAH7
Q9MIY8,Q9TGM4,,P24983,P00395,Q6DN58
ENSMODP00000026933,Q9YDX6,,Q6EMS9,O03167,Q0H8X8
ENSPTRP00000047188,P98005,,Q5Y4Q8,Q9TA27,A9RAH6
P05503,P98057,,P00396,Q9T9W1,Q0H8Y0
P00401,Q5YRP8,,Q94WR7,O79876,Q0H8X9
Q9ZZX1,Q82AK9,,Q9ZZ64,O79429,Q0H8Y2
P07657,Q5Z0K2,,Q1HKA1,O78749,Q0H8Y1
P31833,Q9X813,,O78681,D4GUY6,Q0H8Y3
Q97UN0,Q9K451,,O03521,C7NWS3,B0FWC7
P00399,Q828X4,,O03198,Q5V2N6,P34838
Q85AA8,P60620,,P18943,U5YWV7,P60620
B0R3V8,P62514,,O99041,C8YAE4,P62514
P00397,P24010,,P24984,Q49RY7,P24794
ENSOANP00000024995,P00396,,Q6EGJ1,A5JFJ8,P24893
ENSTRUP00000047831,P31833,,Q6EGJ0,Q6QTG9,Q9ZZ64
ENSMMUP00000031382,P24893,,P24985,G3SHV8,Q85QA3
ENSBTAP00000053147,P0C8K9,,Q9MIY8,Q5MA75,P08681
E5DEI3,Q9ZZ64,,O21327,A5JYA3,P48866
A6UXP2,P18943,,P41310,E2F7B3,P18943
P00395,Q6NFM3,,O03524,Q71KK5,O21042
,Q79VD7,,Q2I3H2,B9ZUU9,A9RAH5
,Q9MIY8,,P92477,Q65CJ1,P00400
,P00399,,Q8W9N4,H9KUX4,P00399
,P33518,,P48888,V9PA74,Q34391
,P00395,,P34188,E3T1V7,P48888
,P20386,,Q36775,B7XBM4,P48659
,P00397,,Q6EGH9,V5KWX3,Q9MIY8
,Q9CBQ5,,Q6EGH8,T1M0X5,P00395
,Q73VC3,,P38595,Q9ZZQ5,O03167
,P63853,,Q9ZZY9,Q1QHV6,P20386
,Q36452,,P48659,Q3SUL4,P14578
,P14578,,P00395,Q8YFQ5,Q36452
,Q9T9W1,,Q7GEN7,Q9FD41,Q9T9W1
,O79876,,Q34800,Q5HAA7,O79876
,P05503,,O03167,Q8G263,Q9T9X0
,Q1RI42,,Q8LX30,D5BSW5,P20681
,Q92I67,,Q9TA27,E4WJT1,O79429
,Q4ULU5,,Q38PS0,A5II82,P92692
,O54069,,O79548,Q7VT14,P07657
,P07657,,P00397,E6RL32,O78749
,P15544,,P92661,Q3IJR9,P07506
,Q06473,,O21079,A4Z2D3,P15544
,Q4JQI5,,O03539,A9VZ57,P05502
,Q4UJ69,,P48170,B2JCA6,A6H4Q6
,Q5SJ79,,Q36452,C7LGG3,P00401
,A6H4Q6,,Q6EGI5,Q146A9,Q9B6E7
,Q9B6E7,,Q6EGI2,C6WI99,Q0H8Y4
,P00401,,Q6EGI3,A7HEB5,P00398
,P98000,,Q6EGI4,Q12E45,F7WD41
,P57543,,Q9T9X0,Q2IR90,K5WU26
,Q8K994,,Q9T9W1,B0CKF3,Q3HM77
,Q89AA4,,Q6EGI0,Q57EP9,A7UG06
,P0ABJ0,,Q9ZXY2,C6V5A3,W6YVB1
,P0ABI8,,O79672,Q92RG9,G1DJA5
,Q9I426,,Q35536,G0A3Q7,Q9GAT2
,P34956,,Q00527,C0RHH5,C9SZA6
,Q2FZK0,,O79876,B9JT25,H9D0P5
,Q2YX15,,Q95911,Q476I6,Q9B6E6
,Q2FI18,,P92692,D1ABA1,Q9B6E5
,Q5HH24,,O79429,C3MHJ2,D6RR50
,Q99V37,,O03546,D5VHE6,A5J060
,Q7A699,,P05503,Q11KD3,A5J063
,Q6GI24,,Q96062,B3PKV9,A5J066
,Q6GAF3,,Q9ZZM6,Q2YCM9,A5J062
,Q7A182,,O79403,Q9A300,A5J065
,Q5HQB0,,O78749,K0D9W3,A5J057
,Q8CPP7,,Q9ZZ52,O67935,A5J068
,Q4L564,,O21399,Q5P9Y9,A5J056
,Q49WI3,,Q4JQI5,A9M8Z2,A5J061
,P98004,,O03554,B5ZSV1,A5J069
,P39481,,P00398,I3TPG3,A5J058
,P03877,,Q6EGH7,A4VS35,A5J067
,Q9ZZX1,,Q4VFI9,Q28SZ5,A5J064
,P22190,,B8RFT7,D5C495,A5J059
,C3N079,,A6YZK9,Q2GDE5,W6XWC1
,C3N350,,A0S1I7,Q5WSR6,U5YWV7
,C3N255,,Q6RKZ7,G8PRR5,W8DV66
,A4YE10,,A6YV28,A8L2F8,A6MCV4
,A4YE09,,Q9B2V2,G7Z740,Q8HIM9
,A4YIC0,,B2XI93,Q985X1,A0A075E6K7
,A4YDG5,,B1W8A6,E8T815,E2DS19
,A4YDJ9,,Q4G7F8,A6U6U5,Q7J2Z8
,A4YE93,,Q5S9T0,B2AGQ9,Q9B8A3
,C7NNK3,,A6YYY8,Q1MKI6,B1PE53
,C3NFH1,,B2Y9D8,A8IDL5,Q9MDJ2
,C3NL36,,A6YV54,Q2SQV4,Q9B8X8
,C3NMM2,,Q8WCW6,A6WWF9,A7XE89
,Q974I2,,Q6VHV2,Q8U5I4,Q9MIE0
,Q96XX2,,Q957U9,B6IXF6,Q7HP04
,Q974P8,,A6ZG99,Q21XU2,G8CRC3
,C7NVV4,,Q15HF4,B9JAP0,Q7RRF1
,C7P563,,Q4F260,B8H5D7,B4F7N4
,C7P138,,Q7Y6V6,Q5ZRI5,Q4XZG5
,C7NWS3,,A6Z6U0,Q0BPU6,Q4XXN6
,Q981A5,,Q9B1J9,B2SX27,Q4XDQ5
,Q97VG9,,Q4F1M8,B8I9Q2,Q1AGX8
,Q97UN0,,Q7YCF0,B3PSB1,Q8HN53
,B0R3V8,,B0Z6V0,Q0RI82,Q950Y4
,B0R7A7,,Q9B2W6,Q2GJ18,B7TYB4
,A8MBM1,,Q5XRR7,C1B1Q1,B2XX69
,Q8ZXD1,,B1PI08,A2SKP4,A2T558
,Q8ZXC1,,A1DTC8,D6YBQ3,Q4G4P0
,Q3IQM3,,B1NTV9,E1VCN2,Q49RY7
,Q3IRC4,,Q4F387,Q8D6G6,A6YAR7
,A3MXJ2,,A6Z6C1,Q13CY6,Q6QTG9
,Q3INR3,,Q9B1K0,A5EA97,G3SHV8
,A3MXJ8,,Q4GGC8,D9TA90,G1FKC0
,Q4JCF7,,B2XJ80,A5VP39,A5JFJ8
,Q18JR5,,Q5XT74,B0UFS3,E0XIC3
,Q5V018,,B2XLA7,Q5X0Y5,Q5MA75
,Q5V3P4,,A6YYA4,Q2KBM2,A5JYA3
,Q5V2N6,,A6ZFK2,F0L7C8,Q8SJH3
,Q5V2Z7,,Q4GIJ5,D8K4L4,D0VEF6
,B9LSP1,,B2CB36,C6B3M6,Q71KK5
,B9LUQ9,,Q7YEF5,E1T6F0,Q65CJ1
,C3MJS2,,B7TD03,D1C450,Q6IYH6
,C3MLA3,,B2KM44,A1B3D7,H9KUX4
,C3MMN5,,Q0VXC9,F4LG19,Q3LR90
,Q6KZG3,,Q2HKZ3,Q7JD04,Q2YG64
,C3NAG6,,A1DSF3,Q9MD68,S4UW59
,C3N8U6,,B2XNF6,Q9TEG9,C3W4Y7
,C3NCE3,,A6ZA20,A0A023J6G7,V5RMP5
,Q9YBH5,,Q4GR21,Q8HIC9,K8EXI2
,C4KEX0,,Q4GKW4,Q8HQN1,Q7JAI6
,C4KLA2,,Q4ZF72,S0ASK7,C1KRF3
,C4KJN8,,A6Z1V1,A9XBE1,B2XY88
,Q9HN95,,Q0Z7V8,H3C6G5,B6VJT8
,C3MSG4,,B2XLJ8,G3QCP6,G1C2Z2
,C3MT72,,Q6VLK7,H2VF34,Q7HJM3
,C3MZ30,,Q4F198,,Q0P3F1
,A9A1V9,,B7TCT8,,A0A075W861
,Q34835,,A6Z5Z1,,E9P289
,A5J056,,Q4GAL3,,B9T9Z2
,Q8HCD4,,Q4EZA9,,B9T957
,B8Y959,,Q4GV90,,A4ZH76
,Q94N22,,B2XGN6,,G9HNS5
,C0Z3N9,,Q6RMP2,,Q1XGD3
,B0FNC1,,Q8WCX5,,W1PAH9
,B0FNB5,,Q4GVU8,,Q09EK4
,B8XGI6,,Q4F2G4,,G3EIX2
,Q26218,,Q6RN73,,J9JER8
,Q0GZL9,,Q9B2U9,,F1DPN3
,A0SXN1,,A1DTW0,,G5D5F0
,B2XRS6,,Q4EWN6,,Q9MD68
,Q8LXP3,,Q6RNG4,,Q27PQ3
,D0QJT1,,B3DD95,,Q8HIC9
,Q6KE57,,Q0ZEM3,,E9NPC9
,Q26647,,Q4GUT4,,Q9XPI4
,A8BKI3,,Q4GTJ2,,Q5G7I8
,A7X7X7,,A6YTK8,,Q8HLX3
,B7VF41,,B0Z6P8,,D4PBR3
,B7P670,,Q4G7P9,,S0ASK7
,A7RGS3,,B2XLI5,,Q9XL04
,A7RLP4,,Q7Y7K9,,B5WZ53
,A8DWS9,,Q4F563,,Q27GW6
,A5YMQ7,,Q5XS99,,A6ZJ01
,Q65CJ1,,B2XPY6,,B3GSZ2
,A1XP62,,B1NUS1,,A9XBE1
,A1XEE7,,Q2HL32,,Q8HG47
,Q4KNP1,,A8JLF0,,D7RWS9
,B6VJT8,,Q0Z7D9,,Q6B3D5
,Q0P3F1,,Q4F4Q7,,E2IH80
,Q2F905,,B3GSQ2,,Q7GEL9
,Q93TC6,,A4ZLB9,,Q8HCW3
,A0EZ62,,Q4F6E2,,
,A0R0M4,,A0SCP2,,
,A0Q4E1,,Q8WCY5,,
,C1EPV7,,B1NVJ4,,
,C1EXN8,,Q9B2V6,,
,Q1QHV6,,B1NUB5,,
,A9QZR0,,B8X558,,
,Q3SUL4,,B8X5P0,,
,Q8KX02,,Q0Z7K4,,
,Q8KX08,,A6ZGQ2,,
,C6EL35,,A7LEL7,,
,Q1C4K1,,Q0Z7N0,,
,Q8YEH8,,A0S183,,
,Q8YFQ5,,Q0Z7S1,,
,A4TPF0,,Q4G9M5,,
,Q9FD41,,A6Z0P9,,
,Q1CL72,,Q09U94,,
,B1JHS9,,A3RMP9,,
,Q5HAA7,,Q305I4,,
,A9ASA3,,Q4F5X3,,
,B2K6U9,,Q4GBG2,,
,A9AHP3,,Q2HKD5,,
,A9AEK8,,A6ZEY2,,
,A7K1Y0,,Q305V1,,
,Q65K11,,B2XHY2,,
,A7K3A3,,B8RC45,,
,Q65DL2,,Q6RRI3,,
,A7ZII8,,B5M7Y6,,
,B6JDB6,,A6NAM9,,
,Q635Y3,,Q0Z7J1,,
,Q2SXN0,,B3DEC2,,
,Q2T1G4,,B2XEY0,,
,Q2T819,,B2XM03,,
,B8J5S3,,A6YU66,,
,Q20X26,,Q2HKI7,,
,Q20ZQ3,,Q9B2U7,,
,B8JDW3,,A4ZL80,,
,B0VM14,,B2XH81,,
,A6QFR9,,A7LFE0,,
,A2BXG0,,B8X5M7,,
,A2BVA5,,A7XSQ0,,
,B3QF23,,Q7YCE3,,
,A5IRU6,,Q15IJ2,,
,Q46GX4,,A7BFU8,,
,A3Q250,,Q8HIM9,,
,Q11SZ5,,Q85UI3,,
,A8LRT8,,Q7J2Z8,,
,A3PXJ4,,Q1XGF2,,
,A8LTQ2,,Q5TME2,,
,A4JI34,,A7BFJ0,,
,A4JHR0,,Q588F1,,
,A1TBD9,,Q85A89,,
,A4JFC2,,Q1XIB8,,
,A5II82,,Q76FQ1,,
,A1UZW7,,A7X7D6,,
,A4JS17,,A7M806,,
,A4JR59,,A7WL94,,
,B1LJI5,,Q5TMC9,,
,A1T6U7,,Q9T9I0,,
,B6J6Z8,,Q36705,,
,A1UYB3,,A7X7B4,,
,A1V665,,A7BFV0,,
,B1MJH6,,A7BFU7,,
,B1MBS7,,A7BFL6,,
,B1MDZ6,,A7BFK2,,
,A9WMK8,,A7BFQ4,,
,B7N8Y4,,A7BFP1,,
,A5VD55,,A7BFK5,,
,Q2JUD8,,A7BFK8,,
,C7MCD7,,A7BFU5,,
,B5BD89,,Q4KRG5,,
,B0BXE8,,A7BFQ5,,
,B8H8P9,,A7BFQ0,,
,Q2JBF9,,A7BFU4,,
,A8FIP6,,A7BFT8,,
,Q2JA32,,Q5KT37,,
,Q2J8B9,,A0ZXT4,,
,B3QMY8,,O21002,,
,Q2J6C1,,Q76FP7,,
,A8FCU8,,Q76FP9,,
,C1DA53,,Q1XGG0,,
,Q2W5A2,,Q1XIB1,,
,A1SBD0,,Q1XI96,,
,Q2W549,,Q1XIB7,,
,A3NXF3,,Q1XIA3,,
,A3NTG1,,Q1XI97,,
,A3P1E5,,Q1XIB6,,
,A3P8E1,,Q1XIC2,,
,A3NRU3,,Q1XIA1,,
,A4IZX3,,A7WL70,,
,A3NR20,,Q76FP8,,
,Q3IJR9,,Q19VJ4,,
,A6WU46,,Q76FQ0,,
,A6WU08,,Q49RY7,,
,C4ZTI8,,Q679L3,,
,Q3IHP6,,Q70S12,,
,A4YXG6,,A6YAR7,,
,Q3AV01,,A9NJ28,,
,A4YNX1,,Q1HKH9,,
,A4Z2D3,,Q679K5,,
,A4YQB9,,A5JFJ8,,
,C5APE6,,Q6QTG9,,
,Q14JG2,,Q7JAT4,,
,C5ARM3,,Q08GX8,,
,C5AYB1,,Q45LE8,,
,B1JZ50,,B4XAL1,,
,A9VZ57,,A8QW85,,
,A9VZ93,,A9NJ31,,
,B1KAL8,,Q5MA75,,
,B1JUK0,,B7TX17,,
,A9VX44,,Q679J3,,
,A9VYF1,,Q679L1,,
,B4T9D7,,Q70S38,,
,C0QTR7,,B0EXU4,,
,A7X0V0,,Q9GA28,,
,D0LEX9,,Q08GV2,,
,D0LCZ2,,A1XE80,,
,Q3SLX4,,A5JYA3,,
,C7R4P5,,A6YAQ4,,
,B7MQE6,,A5YC74,,
,A0QJI2,,Q3L6Y0,,
,A1VKL8,,Q679J2,,
,Q83NH2,,A5X470,,
,B2JMI9,,A1XE68,,
,B2JRY2,,Q3L6R3,,
,B2JP14,,Q3L6S4,,
,A5UVJ0,,Q15GR6,,
,B2JVB4,,Q8SJH3,,
,C7LFA1,,Q598W2,,
,B2JCA6,,A8DIN2,,
,B2JP89,,A8QWA8,,
,A1UE41,,Q9G391,,
,C7LGG3,,Q70RZ9,,
,A1UIN7,,Q09EG9,,
,B2JCS1,,B2BP94,,
,A5URU0,,B2KRY8,,
,Q12ID3,,Q2TVP2,,
,Q146A9,,B9UD65,,
,Q13IT3,,B7TWH5,,
,C9RZF7,,A5HV28,,
,Q13IJ6,,Q6VPZ8,,
,Q13YQ4,,B7TWH6,,
,Q13NL0,,Q1AL73,,
,C9S1Z9,,Q679J8,,
,C9RX92,,Q7Y8J2,,
,Q145R8,,Q15GL4,,
,Q4UPS9,,Q679J7,,
,Q4US44,,Q1HK49,,
,B7KCJ1,,B8YB91,,
,B0RIL1,,B4F437,,
,B1VQ44,,B2BP85,,
,B7KL73,,Q599B4,,
,B1VZQ7,,Q71RV1,,
,Q3BNC7,,Q6VQ04,,
,Q3BW24,,B9UD78,,
,Q47G12,,A8DDJ2,,
,A9WF39,,Q15GP0,,
,A3MQ35,,A8DDE9,,
,A9WHC3,,Q679K1,,
,A3MAZ5,,Q71KK5,,
,B9MBM5,,B8YBB7,,
,C6WI99,,Q599E0,,
,C6WNM7,,B8PYC3,,
,B9MF23,,B2BP72,,
,C6WCY8,,A8QWB1,,
,A0JX26,,B6CMH4,,
,B2UK56,,Q6VPZ4,,
,B2UDP3,,Q3L6V7,,
,B2UE41,,Q6VQ00,,
,A7H8L4,,Q679K7,,
,A7HEB5,,Q9MEI8,,
,B2UFR1,,Q679K3,,
,Q12E45,,Q679K9,,
,Q12FK9,,B1P0Q3,,
,Q1LTJ6,,B6ZC13,,
,Q3MFT3,,A4ZXV4,,
,Q3MG13,,B2BP92,,
,Q3M754,,Q65CJ1,,
,Q2J3U3,,Q68GD8,,
,B1VI54,,Q679K0,,
,A0PNG8,,B2BP88,,
,Q3M538,,A8QW72,,
,A5CS33,,Q679K4,,
,Q2NCF3,,Q2TVP4,,
,Q3M296,,Q8M0L8,,
,Q2IR90,,B2BP76,,
,Q2J3K8,,Q8SJJ7,,
,A0PPT0,,B5B8E7,,
,Q5WG34,,A8QW59,,
,Q5WFD3,,Q072L1,,
,A1R6U3,,A7DY01,,
,B0CKF3,,Q587N0,,
,B0CI63,,Q32US7,,
,B9EB29,,Q85J34,,
,B9EC37,,Q764Q8,,
,B4RA81,,Q598T6,,
,B4RAU5,,Q70S25,,
,B4REW9,,Q70RS1,,
,B9LJV7,,A7KP75,,
,B9LHY4,,Q70RQ8,,
,A0L2I0,,Q8W9C2,,
,A0L2E1,,B3XXA8,,
,B4TMC0,,A1XJ52,,
,A3CYX4,,Q32UU0,,
,B3CTF7,,A3R2Z7,,
,B8DKR4,,A7KP62,,
,B1HMQ0,,Q15GS9,,
,B1HVF2,,Q70RT4,,
,A9F513,,Q6IYH6,,
,A7NPW0,,A5YN30,,
,B1HPV2,,Q3LR90,,
,C6V5A3,,Q70RP5,,
,B1HVF1,,Q8LWU0,,
,A7NJJ8,,Q94Z69,,
,A9F8S7,,B0JE06,,
,Q3JJV3,,Q5QS64,,
,Q3JI53,,B5TY20,,
,Q3JQD5,,Q5QS77,,
,A7ZA45,,Q5BU83,,
,A7Z4B3,,A7BIF6,,
,Q3JWG6,,A9NJ29,,
,Q3JVP6,,Q1MWH1,,
,Q3JU57,,B0JDW6,,
,C1AGG1,,A9NJ30,,
,Q8D353,,Q8W9H1,,
,Q7VRH3,,A3R392,,
,A7N2L9,,B1NZU1,,
,C6XD36,,Q45LN9,,
,B2SE25,,Q45LD5,,
,C7LU11,,A1YKC6,,
,A7N1Y9,,Q001E0,,
,Q1D5M5,,B2KRI6,,
,B7UJQ4,,B2KQF8,,
,Q1CZF1,,A5X468,,
,C3P0I4,,Q5QS90,,
,C0RGA7,,Q9G6N3,,
,A4INI4,,Q9B861,,
,A4ILX2,,A6Q052,,
,C3P6V0,,B6CTY1,,
,A4IN60,,Q8SJI5,,
,C0RHH5,,A4F2R4,,
,B5EXI2,,B3SN60,,
,A4ITS3,,B2KR25,,
,B9JT25,,Q32UR4,,
,B5ZEX3,,Q15GM7,,
,B9K2U6,,Q70UU5,,
,C4L5D9,,B5B8I6,,
,Q46SF6,,B6DZK7,,
,C1DG41,,B0JDZ2,,
,Q476I6,,A1XE55,,
,C4L2Y9,,B2KRY2,,
,B5ZKU5,,Q1MWL0,,
,C1DPB6,,Q5QS38,,
,Q46SU7,,Q7Y8K5,,
,Q46RJ5,,Q1MWE5,,
,B5ZLI7,,B4DCW8,,
,Q473S1,,Q53U49,,
,Q46V43,,Q598U9,,
,C3MH24,,A5X467,,
,C3MHJ2,,Q15GQ3,,
,C3KLP2,,Q5ZNA8,,
,Q11EK8,,A5Z2K7,,
,C7PG37,,Q953L8,,
,Q11FG6,,B3THN1,,
,Q11CG9,,A5X469,,
,A6WD33,,Q8LWX4,,
,Q11KD3,,A1YAE6,,
,A4SPZ1,,Q94Z89,,
,A8Z1K1,,B2KRY3,,
,Q5FGC4,,Q679J4,,
,B3PKV9,,B2BP84,,
,Q73DE1,,Q8LWP0,,
,Q732C4,,B5LMI6,,
,Q7V635,,Q08GM6,,
,Q5GSX8,,Q4FBI0,,
,B9IW22,,Q70RU7,,
,C0Q7W7,,B0LFN3,,
,B9J4Z4,,A5JPB4,,
,A6VRF3,,Q7I5M3,,
,Q2YBV4,,Q953J2,,
,Q2YCM9,,Q2TVP6,,
,Q2Y848,,Q9T9X7,,
,A6Q6Y8,,A4U8Y7,,
,Q2Y5L8,,Q5QS51,,
,C7QBL2,,O99040,,
,B4EU45,,Q9MJB4,,
,D0KJJ3,,B4DCY1,,
,B2I9K3,,A5JW14,,
,B0V7H1,,Q5I1A1,,
,C1A5N7,,Q9XMI7,,
,B7M3S3,,O99596,,
,A8GVI4,,Q3L6T5,,
,B0C0A2,,Q94ZL8,,
,C5ADP1,,Q6VPZ6,,
,C5AJH2,,Q5QS12,,
,C5AFM8,,B2KRU0,,
,Q0I894,,Q08HH3,,
,B1XS83,,B2WVQ2,,
,Q0I8U1,,Q25CG7,,
,C8WTG5,,Q25CF4,,
,C1CXA3,,Q08HA8,,
,C8WSR1,,A7DXX5,,
,C7R7F1,,Q70RW0,,
,A9C0C3,,A6YJT4,,
,A9BSV8,,B7TX13,,
,B2U4N5,,A6YJS1,,
,C4XNK4,,Q2F9E1,,
,A0LTH0,,B2WVN8,,
,Q0BDW1,,Q9MET4,,
,Q3SQ73,,B2KR40,,
,Q0B156,,Q85RW2,,
,A8EZ24,,B2ZA96,,
,Q3SUK6,,Q9B858,,
,A0LS53,,B0JE19,,
,Q0BBL6,,Q70RX3,,
,Q0B269,,Q2TVP5,,
,B8CUX3,,Q94P59,,
,B8CKN3,,Q401Z4,,
,Q07JU1,,Q2YG64,,
,Q07HB3,,Q4KNE4,,
,C7RP99,,B0LFP6,,
,A0KME8,,Q08HM5,,
,C7RV13,,A4KVU6,,
,A4F8Y8,,Q9G3S1,,
,A4FQ77,,B9UDA4,,
,B8GPT3,,Q70XI3,,
,Q0HPR3,,Q70RY6,,
,Q0HPW3,,B5B8G0,,
,Q168L8,,Q5QS25,,
,Q31JY6,,B9UD91,,
,A5CXZ5,,B9UDB7,,
,Q5P9Y9,,Q3L6W8,,
,Q8YTI5,,A7DXW2,,
,Q8YYA0,,B9UD52,,
,B8DAP5,,Q679L0,,
,A1TPB2,,B7TWH7,,
,A1TT20,,Q1MWI4,,
,Q3A1J3,,A6YJU7,,
,A1TU11,,Q679K2,,
,D0J816,,Q08HL2,,
,Q1IEP3,,Q7Y8E0,,
,B7L1M0,,A5X465,,
,B7KVJ8,,A7BII2,,
,D0J6G9,,Q9B859,,
,Q493G0,,A4U8W8,,
,B7KQT8,,Q9B856,,
,A5U757,,Q7Y8F3,,
,Q1IH01,,Q952S4,,
,B9DQ55,,O99042,,
,B1KM65,,Q7Y8H9,,
,C5CWQ4,,A3R226,,
,A6T1D2,,Q1WFL5,,
,A6T2U4,,Q6J6X3,,
,A4T087,,B5THJ3,,
,C7NIK1,,Q1WFL2,,
,B1KQ75,,A5YN29,,
,Q725F5,,Q1WFL3,,
,C5CLF5,,Q1WFL4,,
,C5CVI9,,A2T1I4,,
,C5CR55,,Q50DK8,,
,C5CJV1,,Q9B860,,
,A9IQC7,,Q1EG15,,
,B6A1E9,,B6RQW0,,
,A9M8Z2,,B7XBM4,,
,B5ZTY6,,Q94YE2,,
,A9IUL0,,Q3L6Q2,,
,B5ZSV1,,Q2V097,,
,A9HWK1,,Q7Y8G6,,
,A9HXA4,,Q8LX63,,
,A9M6P8,,Q3L6U6,,
,B6A423,,Q8HHA5,,
,A9IMF6,,Q2NNN1,,
,Q3J5A7,,A0ST05,,
,Q3IXM1,,Q5QRZ9,,
,Q1QYZ6,,A9LFW9,,
,A9MM29,,Q2NNL8,,
,Q3J1P3,,Q2NNK5,,
,C6CSR7,,A9LFU3,,
,C6D2I6,,Q9G7S4,,
,C6UBP6,,B5KN74,,
,A4VS35,,Q69G33,,
,C7M0W5,,Q4R1D7,,
,Q02UX2,,A0S0C5,,
,Q47RJ8,,B5KN61,,
,A4VKM3,,Q079S6,,
,Q02JF9,,Q69GF8,,
,Q47R63,,Q1HB17,,
,C6CBD0,,Q1HBH1,,
,C7M189,,Q1P9R4,,
,Q47P89,,Q94YD0,,
,Q3Z4X2,,Q2NNJ2,,
,Q28SZ6,,Q9B2G7,,
,Q28SZ5,,A9Z1A9,,
,C4K2B5,,Q9G7T3,,
,A3NMY6,,Q1WEZ6,,
,A3N5C2,,Q5G7Y9,,
,A3NFM2,,Q08HI6,,
,A3N651,,A7BIG9,,
,A3N7S5,,Q9B854,,
,A3NBL8,,Q8M160,,
,C4KPD2,,Q5G7X6,,
,A5GJM5,,Q953K5,,
,C4KRB9,,B3F2Y9,,
,C4KQX7,,Q679J5,,
,A5GMY3,,B1AC72,,
,C4KUQ9,,Q08HJ9,,
,Q3YR14,,Q70RN2,,
,Q2GDE5,,B6DVE9,,
,A6GWL9,,Q5QSA3,,
,B1XFL9,,B0JE32,,
,B7NJ63,,B0JE45,,
,C8TJ24,,B6ED87,,
,Q2NV84,,Q85RX5,,
,C1F1D0,,B9TY70,,
,Q6F9R4,,B9TYL3,,
,Q119R5,,Q49S13,,
,Q114N7,,Q2V0B0,,
,A1JNP2,,Q7YEL9,,
,Q1H1S5,,A7DXU9,,
,Q1H1C1,,B2KR41,,
,A4X6U4,,Q9T9Y8,,
,A4X3W5,,Q3L716,,
,Q5WSR6,,Q9G3T4,,
,Q2JID9,,O99044,,
,B1JEL7,,Q8SJ59,,
,B1J4K5,,Q9B857,,
,B4ENN5,,Q70XJ6,,
,B0T0X7,,Q25CE1,,
,B4ED66,,A7BIJ5,,
,B4EA75,,O99043,,
,A8L2F8,,Q08HG0,,
,A8LFD7,,Q8LX46,,
,B2GHS9,,A0A2W0,,
,Q0JZI1,,Q9B855,,
,Q0KES7,,A6Q065,,
,Q0K2F7,,A4U8V6,,
,Q0KCQ8,,A4U8V7,,
,B0U6L7,,Q1MWJ7,,
,A1UU70,,Q679J6,,
,Q0KB47,,A5X466,,
,A8GAQ3,,A6YNS2,,
,A9B5D2,,B9UDD0,,
,B4STH3,,A3R1H3,,
,A8F1H7,,B0JDY8,,
,B4SM48,,Q3L704,,
,A8GNB8,,B6DVF0,,
,B4SP34,,Q5WPA6,,
,Q04PG9,,Q599F3,,
,B9KYL2,,B2KRW8,,
,B1M7K2,,Q58F92,,
,B9L3N0,,A6YNR9,,
,B9L3U0,,A6YNR8,,
,B1M9H9,,Q58F79,,
,B1M624,,Q70XF7,,
,B9L1Q3,,Q8LWV4,,
,B9KYZ9,,Q1MWF8,,
,B1M0S6,,Q8LWS7,,
,A4G944,,Q679J9,,
,C7CCV7,,Q08H43,,
,C7C6M5,,A5YN28,,
,A4G8I6,,Q8LWM1,,
,A6T5H4,,Q58F66,,
,B8ECM2,,Q7YD96,,
,C4ZNF4,,B2WVM5,,
,A4G458,,Q70XH0,,
,C7C896,,Q5BU96,,
,B8ECQ6,,A5YN32,,
,C7CFJ7,,A5YN24,,
,B2S9W5,,A5YN33,,
,C7CLV4,,A5YN31,,
,C4K8K7,,B6CGQ1,,
,A6UMR7,,A5Z1I9,,
,A6U6U5,,A5Z1G1,,
,A6UHP5,,Q6VPZ0,,
,C4K7N4,,Q7JD04,,
,A6UC78,,Q6VPY5,,
,A6UIS9,,Q6VPY7,,
,B3RBU2,,Q70YN3,,
,B2AGQ9,,Q9MD68,,
,C5BFX3,,A8BVQ9,,
,C7JBR8,,B7TX12,,
,A0RHW1,,Q6VPY9,,
,A1TWQ1,,B7SE89,,
,C6CEI9,,A8BVB9,,
,A0R9Y1,,B4XTL7,,
,B3R3Y9,,B5TD30,,
,B3RD37,,B5TD46,,
,C7JAX2,,B5TD32,,
,B7JAQ3,,B5TD43,,
,Q1M6Z6,,Q5GA82,,
,Q1MKI6,,Q9TEG9,,
,A7HQK4,,Q6VPY3,,
,Q1MEU3,,Q2VWD5,,
,B7J5S9,,A3R454,,
,A7HQW0,,Q27PQ3,,
,A5G0I3,,A8BVN9,,
,A5FXH8,,Q2VWD3,,
,A5FTY6,,A3E4A9,,
,D0LN57,,A8BVL9,,
,D0LJB0,,Q06QA9,,
,A1SLF7,,Q8SEZ6,,
,A1SCB2,,A8BVN2,,
,Q72B23,,A8BVF7,,
,A8IDL5,,B4XTL9,,
,A8I7A6,,A8BVI2,,
,A8GRY8,,Q6VPZ1,,
,A5WRU7,,B7SEC8,,
,Q2SQV4,,A8BVS9,,
,A0AEK1,,Q710T3,,
,C6VT35,,A8BVB1,,
,Q8DHE9,,B5TD31,,
,B5Y0U9,,B5TD42,,
,B0TNT0,,B5TD52,,
,B7V223,,B5TD51,,
,B7UVQ7,,B5TD45,,
,Q7MDC1,,B5TD38,,
,Q4ZXC6,,B5TD48,,
,Q0TKL1,,Q6EGH2,,
,B5QTJ0,,B5TD35,,
,B7L668,,B5TD50,,
,A8G3F9,,B5TD49,,
,Q4KKL9,,A8BVL1,,
,A8G6P6,,A5Z1H1,,
,B4SWT4,,A5Z1H7,,
,Q4K7G7,,A5Z1H4,,
,Q4K6L8,,A5Z1I1,,
,A7N9N1,,A5Z1H2,,
,A6WWF9,,A5Z1H3,,
,A6WUX6,,A5Z1I5,,
,Q310M6,,A5Z1I3,,
,A1SY61,,A5Z1I4,,
,C5BKT8,,A5Z1I2,,
,Q8U5I4,,Q6EGI7,,
,B7HDC2,,A5Z1G4,,
,B6IRX6,,A5Z1H6,,
,C6XR86,,Q68SN7,,
,B6IXF6,,Q953H9,,
,B7H6S9,,A8BVP4,,
,B3DUV8,,A8BVV0,,
,A9CKN4,,Q9B6G0,,
,B3DY48,,A5YN26,,
,B1J018,,Q06QK0,,
,B3DYF7,,Q95938,,
,A4YC07,,Q6VPZ2,,
,B7H0K4,,B4XTL6,,
,A8FPN7,,B4XTM7,,
,B9KGP5,,B4XTN1,,
,A4YC82,,B4XTM1,,
,Q87DQ8,,A8BVT5,,
,B1YSM1,,B4XTN8,,
,B1YN95,,Q710S0,,
,Q21XU2,,A8BVG5,,
,B7GGL9,,Q6EGH1,,
,B7GFX8,,A8BVS2,,
,B1Z3R1,,A8BVM6,,
,B8HUS0,,B4XTM9,,
,B7GKS1,,Q9MEV8,,
,B8HMH6,,B4XTM8,,
,A4W7A2,,A8BVT9,,
,B1Z4Q7,,A8BV77,,
,A9MWY7,,A8BVR6,,
,B8D9P8,,B4XTM2,,
,C0R2X4,,O63900,,
,B8EPK2,,Q2VWD8,,
,B8ES68,,Q1I1C9,,
,B6J055,,Q2VWD7,,
,A1AV81,,Q2VWD9,,
,B9JGZ4,,Q2VWE0,,
,Q1LB25,,Q2VWC9,,
,Q1LGA2,,Q2VWD0,,
,Q3L9P8,,Q6EGI6,,
,Q3L9E6,,Q2VWD2,,
,C0ZXI0,,B7SE63,,
,Q81HT4,,Q2VWD1,,
,B9JAP0,,O21734,,
,B9JMA2,,A0PD85,,
,Q1LPU1,,Q6EGH6,,
,B1WRL7,,Q9B812,,
,B1X201,,Q6EGH5,,
,C0ZMK5,,A8BV91,,
,C0ZSW3,,A8BVH5,,
,Q1LBK8,,Q68SN6,,
,Q1LRS8,,A8BVH1,,
,Q819N3,,Q68SN5,,
,C6WU64,,Q6EGH4,,
,B7IBB7,,A8BVD4,,
,Q7V2N0,,A8BVQ5,,
,B8GWC3,,B4XTN7,,
,C3K1U6,,A8BV85,,
,B8H5D7,,B2KRK7,,
,B0JGB1,,A5Z1I0,,
,C3K5T9,,A5Z1I7,,
,A0KDK5,,A5Z1I6,,
,A0KAR9,,A5Z1J1,,
,Q48AB1,,A5Z1G8,,
,A0K8J4,,A5Z1G9,,
,Q1BAX3,,A5Z1F9,,
,Q1B6D9,,A5Z1H5,,
,B7LME8,,A5Z1I8,,
,C4LJZ3,,A5Z1G5,,
,Q39EZ7,,A5Z1G6,,
,Q39CP7,,A5Z1G0,,
,C6DVL7,,Q6EGI9,,
,Q39MB1,,A5Z1H8,,
,Q396U4,,A5Z1G2,,
,A1KN40,,Q6EGI8,,
,Q5ZRI5,,A5Z1H0,,
,Q0BPU6,,A5Z1G7,,
,D0MDE3,,B4XTM6,,
,B2SX27,,A8BVE6,,
,Q0BSM9,,A5Z1H9,,
,B2TCF0,,A8BVC7,,
,D0MIZ3,,Q6EGH3,,
,B2SXK2,,B4XTL5,,
,D0MCV9,,Q6VPY4,,
,B2T4C3,,A8BVJ0,,
,Q2S0S6,,A8BVP9,,
,C4L838,,A8BV94,,
,B8IX59,,A8BVJ8,,
,B8I9Q2,,Q2VWE9,,
,Q2S5S1,,Q2VWF0,,
,B8IFT1,,Q2VWE5,,
,B8IBA8,,Q2VWE3,,
,B8IHG7,,Q2VWE7,,
,B8IBB9,,Q2VWE8,,
,B7JVT7,,Q2VWE2,,
,B8D800,,Q2VWE1,,
,B3Q583,,Q2VWE6,,
,B3PSB1,,Q2VWE4,,
,B3PSJ9,,B2L0N9,,
,B3Q119,,B4XTP0,,
,B3DB50,,B4XTM3,,
,A3M6Q0,,A8BVU5,,
,A9NCP9,,Q3UR21,,
,C6UNA3,,Q3UTW3,,
,A9IM06,,Q3UQ58,,
,A3Q9U1,,Q3TRT0,,
,Q0RFI1,,A8BVK3,,
,Q1RFA8,,A8BVE0,,
,A5GCR7,,B4XTL8,,
,A3Q948,,B4XTN4,,
,Q0RI82,,B4XTN5,,
,Q15WC1,,B4XTN0,,
,Q0RCX2,,B7SE76,,
,Q15MZ4,,B1PX67,,
,C6E7U6,,A4QIU2,,
,B7HMC7,,B2CL31,,
,B7HWC3,,A7XNE9,,
,C3LI09,,A7DYF3,,
,C3LFD7,,Q8HJT3,,
,B0RXJ9,,Q1XI73,,
,B0RY24,,Q9XPI4,,
,B7VQY2,,B2CL19,,
,C1AS81,,B7U7Q3,,
,C1B9P4,,B2CL15,,
,A2C7D3,,Q75UF7,,
,Q2GJ18,,Q9B6U5,,
,C1B1Q1,,A6XL09,,
,Q30UE6,,Q2TRQ8,,
,Q1J1C5,,A8WBY3,,
,Q2SUL3,,Q1XI61,,
,Q1J2G3,,B2MZI0,,
,Q63FU3,,Q2TRV3,,
,B2STC9,,B9U2E8,,
,B2SL18,,Q8HBB7,,
,Q21PS8,,B7SNB3,,
,A2SKP4,,B6RPX9,,
,A2SGL3,,Q8HBS8,,
,B1ZKV0,,A6XL06,,
,Q7U612,,A7XN55,,
,A1KAR3,,A7TY86,,
,B1ZE60,,A7TY83,,
,Q7U547,,A7TY89,,
,A1K6B9,,A7XNH2,,
,B1ZKN9,,Q1HUB4,,
,A7ZX87,,Q8HBS0,,
,C6XEZ4,,B7SNA4,,
,A8H9S3,,B2CL23,,
,C3PNC6,,Q1JQY3,,
,Q83GL8,,Q335J4,,
,A4QGS3,,B2MZH5,,
,Q0C3D2,,A4QIR6,,
,B7JK31,,B4YSK6,,
,B7JQI5,,Q8HBS5,,
,A5GRR5,,B5SRS9,,
,A5GVD0,,A4ZPJ1,,
,Q6MBY5,,Q8HBS1,,
,D0K3X4,,A7TY34,,
,B0KFY3,,Q199D4,,
,B0KPE1,,B2MZI8,,
,A7MFI1,,B7U7S9,,
,A9VEY3,,Q2MIP6,,
,A9VUA4,,Q5NUN5,,
,A4WYS3,,Q9B607,,
,D0KXM6,,B5SRT4,,
,A4WQA6,,O79394,,
,C8U2B8,,A6XL83,,
,A5FJE4,,Q2TRS3,,
,A0LXR0,,Q070Z3,,
,B9KWD1,,B2CLN1,,
,B9KM50,,Q2TRN8,,
,B9KJJ7,,Q2TRB8,,
,Q2NYF3,,Q6UYB3,,
,A3PBG7,,A1BQC7,,
,Q2P5A6,,A6XL61,,
,B1Y7T0,,Q94NQ2,,
,B1Y6P5,,A3RIN5,,
,Q31C90,,A6XL65,,
,A7GRX1,,Q5G7I8,,
,A7GLD0,,B5SRT2,,
,Q48M95,,Q8HBS2,,
,B2IGJ7,,Q94N98,,
,B7IXW9,,Q2TRH3,,
,Q13CY6,,Q9MCX2,,
,B7IVI0,,Q2TRK8,,
,B6HZN7,,B6RPV9,,
,Q13DK5,,Q8HJS7,,
,Q4JX19,,B1PX73,,
,A9KV10,,B5SRU3,,
,A9KUX1,,A9Z1F9,,
,Q0VNA1,,Q5N686,,
,Q0VMW4,,Q3MQ44,,
,Q1GE99,,A1XUZ0,,
,Q1GE93,,B7S6G9,,
,A5EGJ1,,Q94WL7,,
,C0Z5P7,,Q8HBB9,,
,C0Z581,,B4YSK5,,
,C0ZJS9,,Q8HBS6,,
,A5EA97,,A7DYQ4,,
,C0Z7C7,,Q1XI77,,
,A5EDH7,,Q8HLX3,,
,Q72JK2,,Q94YS2,,
,Q72H24,,A1BQB2,,
,A4TDW8,,B7SAF1,,
,A4T6B2,,B7SAL8,,
,C7MTF7,,Q2TRH8,,
,B5Z3T7,,Q5J672,,
,Q3K770,,B7SAM0,,
,A1WBM4,,B2BJ94,,
,A1W9J2,,A1BQB8,,
,Q3KK84,,Q6R688,,
,A4T208,,Q2TRE3,,
,C7MWZ2,,B7SAK6,,
,A2C0Q1,,A1BQB7,,
,C5C514,,Q2TRU8,,
,A5VMZ3,,B2CLY7,,
,A6U0M8,,Q2TRF8,,
,A5VYN8,,Q4F7R8,,
,A5VP39,,Q9G6S1,,
,A5VWN5,,B2CLZ9,,
,B0UF71,,Q8HBR3,,
,B0UG12,,Q4ACW0,,
,B0UDY0,,Q2TRM8,,
,A1VD47,,Q2TRC8,,
,B0UFS3,,A7XNI5,,
,B0UJY8,,Q8HBT1,,
,A2S097,,A7TY45,,
,Q0ADH4,,B7SAG7,,
,Q2IK64,,Q2NPU2,,
,Q2IP51,,A7TYA7,,
,Q5X8F8,,Q2TRT3,,
,Q0AI64,,A6XL35,,
,A2S637,,Q2MIM0,,
,Q5X0Y5,,Q8HQN1,,
,Q0AEX5,,A8V3F6,,
,Q0BNW8,,B9TV25,,
,B5FKU7,,B1PX75,,
,C6XZ38,,A7YLV3,,
,Q1IUK7,,A6XL97,,
,Q1IMA4,,B6ZBM2,,
,A5CF32,,Q94N96,,
,B2HU98,,A7TY29,,
,Q2KBJ3,,B6ZBM5,,
,Q2K6Z8,,Q85AS0,,
,Q2GFJ3,,Q8HJS1,,
,Q2KBM2,,A7TYA8,,
,Q2K024,,Q2TRJ3,,
,Q2K1Z3,,A8V3F9,,
,A8AK23,,Q2TRM3,,
,Q325H0,,Q9MCY8,,
,Q5P2F1,,Q1XI58,,
,Q5P1W4,,Q6F3T8,,
,B5ENJ8,,B5U9L4,,
,Q5P1W5,,A6XL46,,
,A9BE63,,A6MUR2,,
,P73907,,B9U2F2,,
,B5EQY8,,B2CLV8,,
,Q5P901,,B6D5A4,,
,Q887H0,,A7TYA3,,
,A2BPS7,,Q94NQ4,,
,Q1BW06,,B8QZL6,,
,Q1BHN3,,Q2TRK3,,
,A1WHN8,,B2CLV5,,
,Q1BTC2,,B2MZJ0,,
,A3PKJ7,,Q8HI56,,
,A3PH27,,A6XL47,,
,A3PRD8,,Q4GWS3,,
,A4XUK9,,A6Y863,,
,Q0HDL2,,B7UDV5,,
,A4XNK1,,B5SRU0,,
,Q0HDI0,,B1PX65,,
,A1A8A0,,B8R7H5,,
,C6B3M6,,Q8HMU1,,
,Q01PD1,,B7SNC4,,
,C6UZ70,,B2CLZ3,,
,Q39Z30,,A6XL21,,
,Q3AM01,,Q8HBS4,,
,C6B876,,Q1WA41,,
,Q01UX8,,Q8HBB6,,
,Q1QG45,,A8QX89,,
,C6B7T6,,Q8HBS7,,
,C6B8H7,,A1XV14,,
,Q01R99,,B8Q194,,
,Q1QHW6,,Q7J3X6,,
,C6DB49,,Q9MCX1,,
,Q1QJV7,,A3RIL9,,
,C6ABD8,,Q2TRC3,,
,Q3AKZ4,,Q8HAZ7,,
,Q1QHC6,,Q94N97,,
,Q02BQ8,,A7TY99,,
,Q5N1X3,,Q1XI57,,
,C6B313,,Q1JQW2,,
,B2J6R3,,B7SNC5,,
,Q0AMG8,,Q6UY98,,
,B8ZS43,,Q8HQL9,,
,B0SMN7,,B9U2E5,,
,B2J1T8,,B2MZH9,,
,B2J2L9,,Q6UYA9,,
,B2J5V4,,Q1JQX5,,
,C5CCB4,,A7TYB6,,
,A1RE90,,B2CLT7,,
,A1RE52,,Q9XL04,,
,C8UIL5,,Q2TRE8,,
,B1YJP9,,Q6UYA3,,
,A8M1J2,,Q8HBT2,,
,B1YIW3,,Q2TRX3,,
,B3CN59,,Q9T3P1,,
,Q05FH1,,B7U7V5,,
,A8M4H0,,A5PIB0,,
,Q057E9,,Q76HI4,,
,B4UEE1,,A1IHG9,,
,A4CGA7,,Q20FF1,,
,B4UKX4,,Q2TRJ8,,
,Q2G9W4,,A8T2Y6,,
,A7FLD1,,Q94N99,,
,C5D864,,B8QZL9,,
,C5D2J3,,Q335L9,,
,A7IPC1,,A3RIN0,,
,Q055V6,,B7X9G5,,
,A1BCC3,,Q85AV1,,
,A1B6G7,,B4XTR7,,
,A1B3D7,,A6XLA6,,
,B0SE54,,Q8HBT6,,
,Q2KWP6,,B1PX61,,
,A9KG39,,Q2TRR8,,
,Q089H9,,B2MWY7,,
,B2HHM4,,A6XLA2,,
,Q88RM5,,A7TY24,,
,Q089E5,,Q4KWB6,,
,Q88PN6,,B8QZM0,,
,B2HHG9,,Q1JQR9,,
,C6BF42,,A6XLA3,,
,Q2YMI8,,Q1JQV1,,
,Q3J6Q9,,A7TY71,,
,A6UXP2,,A8WBY6,,
,C6BIR0,,Q1JQS0,,
,B2FLI0,,Q2TRW8,,
,Q3J6Y4,,A7TY84,,
,Q3JAA8,,Q1ESY4,,
,C6BBD4,,B7SNC8,,
,A6V8P1,,A7TY21,,
,C6BLU7,,B5LAL4,,
,Q3JBQ0,,Q9MCY4,,
,B1ZMS6,,B6RPW1,,
,B2FUA1,,Q1L039,,
,B1ZVF1,,Q6DKT1,,
,B2FJZ0,,Q6EH61,,
,B5EJ48,,A1XQQ4,,
,B8G6L7,,Q1ESX9,,
,C8XFI4,,B7SNC7,,
,B8G9D4,,B7SNA5,,
,Q0RZF7,,A7XMZ3,,
,C8XFW6,,Q6EHB1,,
,Q0ABY8,,A6XKZ9,,
,Q0S8X1,,B6D5A3,,
,Q0S2L5,,B6RPX2,,
,B7MD89,,A7TY38,,
,Q9TEG9,,B2CLP4,,
,B2LIE7,,B2MZI5,,
,Q2KT91,,Q8HBT7,,
,,,B4XHU0,,
,,,A3RIN2,,
,,,B2CLP7,,
,,,Q8HBS9,,
,,,Q1JQX8,,
,,,Q76HH1,,
,,,Q8HBC0,,
,,,A4KVX1,,
,,,A6XKZ8,,
,,,Q2TRP3,,
,,,Q6EH81,,
,,,Q9B6V5,,
,,,Q94SZ4,,
,,,B9U2F5,,
,,,Q7IYM3,,
,,,Q94SP4,,
,,,Q30GF3,,
,,,Q8HL13,,
,,,A4ZPL4,,
,,,A7TY31,,
,,,Q1XI78,,
,,,B5WZ53,,
,,,Q5DTE1,,
,,,B6RPY2,,
,,,Q951I3,,
,,,Q85BK2,,
,,,Q94RY2,,
,,,Q8HBT5,,
,,,A9XSN1,,
,,,Q2TRP8,,
,,,Q8HBT3,,
,,,Q08M00,,
,,,A7XN78,,
,,,Q94NQ0,,
,,,Q94NQ1,,
,,,Q8HBT0,,
,,,Q2TRG8,,
,,,Q1XI63,,
,,,B2MZH8,,
,,,Q2TRD3,,
,,,Q2A0E1,,
,,,A9XSC5,,
,,,Q6EHB6,,
,,,Q8HM89,,
,,,Q27GW6,,
,,,A3DZK1,,
,,,B7SNC2,,
,,,A7TYA4,,
,,,A6MUN5,,
,,,B8QZK3,,
,,,B1PX69,,
,,,A4ZPJ9,,
,,,Q0PCT6,,
,,,A1XQY8,,
,,,B1PX63,,
,,,Q5N6U4,,
,,,A6MUM6,,
,,,Q2TRU3,,
,,,B8QZK0,,
,,,Q94NA0,,
,,,B5B726,,
,,,Q6B0M5,,
,,,A5PI84,,
,,,A2RPC3,,
,,,Q1XI72,,
,,,Q95A23,,
,,,A6MUQ4,,
,,,B7S6J5,,
,,,Q76G47,,
,,,Q2TRS8,,
,,,A4ZIQ2,,
,,,Q94P95,,
,,,A6XL32,,
,,,B9U2D7,,
,,,B9U2E1,,
,,,B2CL84,,
,,,Q2TRX8,,
,,,B6RPY6,,
,,,Q2TRL3,,
,,,Q8HJU3,,
,,,B7SMY6,,
,,,B9U2D5,,
,,,B2CLX0,,
,,,A7TYA9,,
,,,B3F0J3,,
,,,A6XL91,,
,,,A6XL90,,
,,,Q8HBB8,,
,,,Q6UYA6,,
,,,Q14F91,,
,,,Q6UYB1,,
,,,Q695U8,,
,,,B1PX71,,
,,,Q94P89,,
,,,B2CL76,,
,,,B1PX59,,
,,,Q76L16,,
,,,Q2TRF3,,
,,,A6ZJ01,,
,,,Q2TRN3,,
,,,B8QZL1,,
,,,Q2TRL8,,
,,,A6MGC8,,
,,,Q2QG95,,
,,,A8HCS9,,
,,,Q85AA8,,
,,,Q6EH56,,
,,,Q644U3,,
,,,A6XLD2,,
,,,B6RPY4,,
,,,Q3YN86,,
,,,Q6UYB4,,
,,,Q2TRV8,,
,,,Q7Y6P7,,
,,,A7TY42,,
,,,A7DYK1,,
,,,A9QSZ6,,
,,,Q66SD6,,
,,,A8HCS2,,
,,,Q644K2,,
,,,Q2TRI8,,
,,,A4QIQ3,,
,,,A9XBE1,,
,,,B2CLA2,,
,,,Q2TRR3,,
,,,A4ZIM9,,
,,,A8T305,,
,,,B5SRT3,,
,,,B2CLC6,,
,,,Q072E0,,
,,,A6XLB9,,
,,,Q2TRI3,,
,,,Q94NQ3,,
,,,Q4KW83,,
,,,B7SNB1,,
,,,A6XLB6,,
,,,A0ZYZ1,,
,,,A4ZIM2,,
,,,A6XLB3,,
,,,Q2TRT8,,
,,,Q335V4,,
,,,Q2TRQ3,,
,,,B2CLC8,,
,,,Q8W8R5,,
,,,A0EQ70,,
,,,Q2TRD8,,
,,,Q8HBS3,,
,,,B3GSZ2,,
,,,B6RPV2,,
,,,Q94NX4,,
,,,Q335L1,,
,,,Q2TRG3,,
,,,B6RPW5,,
,,,B2CLG1,,
,,,B7S6D0,,
,,,Q4GWR0,,
,,,A4ZIM5,,
,,,B2CLM8,,
,,,Q8HBT4,,
,,,A6XL70,,
,,,Q66SS0,,
,,,B2CLY4,,
,,,Q64JP3,,
,,,Q9MGH7,,
,,,Q9MGI5,,
,,,Q8HMF4,,
,,,Q644V6,,
,,,Q66SQ2,,
,,,A1IGD1,,
,,,B6CHX7,,
,,,B6RPX8,,
,,,A5PIC3,,
,,,Q66SN2,,
,,,B8Q7B4,,
,,,B4YSK4,,
,,,Q8HLK7,,
,,,Q9TAB2,,
,,,Q58L55,,
,,,Q9B213,,
,,,A1XV72,,
,,,Q8HJT9,,
,,,A7TY90,,
,,,B2CLJ1,,
,,,B2CLV0,,
,,,Q7YGU9,,
,,,B2CLU9,,
,,,B2CLJ2,,
,,,B8QZK7,,
,,,Q8HKX4,,
,,,A5PIR6,,
,,,A3E0F9,,
,,,Q58L57,,
,,,B4YSK0,,
,,,Q8HM64,,
,,,B4YSK3,,
,,,Q58L42,,
,,,B5KGV2,,
,,,Q8HMP5,,
,,,Q644Y2,,
,,,A1XV68,,
,,,Q69IA6,,
,,,Q8HLC9,,
,,,Q8HKM0,,
,,,Q2HQU6,,
,,,Q0GFE3,,
,,,A5PI97,,
,,,B9UKW8,,
,,,B5KMA5,,
,,,A9GYY0,,
,,,B2CLI4,,
,,,B3FRZ1,,
,,,B2CLI5,,
,,,A5PIU2,,
,,,A1XV04,,
,,,Q1G577,,
,,,A9L9N6,,
,,,B6CHZ2,,
,,,A3RKN5,,
,,,A6XLC9,,
,,,A7TY48,,
,,,A5PJ49,,
,,,A6XLD5,,
,,,A6XLD4,,
,,,Q94WJ0,,
,,,A6XLC7,,
,,,B7FDQ7,,
,,,A6XLC8,,
,,,Q64JR9,,
,,,A7TY92,,
,,,Q9MGF9,,
,,,Q68MI6,,
,,,A4ZIL0,,
,,,A3RIP2,,
,,,A6XLD3,,
,,,Q68MI8,,
,,,A7KGR8,,
,,,A6XLC6,,
,,,A6XLD1,,
,,,A6XLD0,,
,,,A6XLC5,,
,,,B6CHX9,,
,,,Q958E2,,
,,,B3GT31,,
,,,B5LMG7,,
,,,A6XLC4,,
,,,A1XV30,,
,,,A6XLB5,,
,,,B3LEC1,,
,,,A6XLC0,,
,,,A0ZPV3,,
,,,A6XLC2,,
,,,Q68NE1,,
,,,B8Q7B1,,
,,,Q645A8,,
,,,A6XLB7,,
,,,B8YQA3,,
,,,A0ZRI4,,
,,,Q85E58,,
,,,Q1EHK3,,
,,,Q8HJU0,,
,,,Q5GM97,,
,,,Q957R5,,
,,,A6XLB8,,
,,,A3DUL1,,
,,,Q94WJ6,,
,,,Q94XJ5,,
,,,B6CHY2,,
,,,Q5EXC4,,
,,,Q9MGG7,,
,,,B8QQI1,,
,,,B7U9I9,,
,,,A7TYB7,,
,,,B7SLV7,,
,,,Q70EA7,,
,,,A3RKM6,,
,,,A0ZRW4,,
,,,Q3YN99,,
,,,A7E1G8,,
,,,A7XNF4,,
,,,A7TYA6,,
,,,Q070U0,,
,,,A1XV36,,
,,,B5WZB8,,
,,,A9X4C8,,
,,,A3DWU8,,
,,,A3DWU7,,
,,,B5DCB7,,
,,,A3E0H0,,
,,,A0PDQ8,,
,,,A6XL87,,
,,,Q58L45,,
,,,A5PIK1,,
,,,A6XL86,,
,,,B6DA84,,
,,,Q94WK6,,
,,,Q85UE9,,
,,,A6XL82,,
,,,A6XL84,,
,,,A6XL85,,
,,,A8E229,,
,,,A8U4S0,,
,,,Q94WK3,,
,,,A8U4S4,,
,,,B2CL66,,
,,,B3GT18,,
,,,B9TV10,,
,,,Q70ED3,,
,,,B2CL65,,
,,,Q5VHL3,,
,,,B2CL67,,
,,,B6RPV7,,
,,,Q94WK9,,
,,,B6RPV6,,
,,,B7SN12,,
,,,A7TY63,,
,,,B6RPV5,,
,,,B5KGV3,,
,,,B2CLR1,,
,,,Q94SV9,,
,,,B0YIP4,,
,,,B8R6L3,,
,,,Q5EXF0,,
,,,B6RPV8,,
,,,Q5MQP4,,
,,,B5KGV1,,
,,,Q58FB5,,
,,,Q94WK8,,
,,,Q17UA8,,
,,,Q94SS0,,
,,,A1XV46,,
,,,B3LEG0,,
,,,B7ZH07,,
,,,A3RIP1,,
,,,A4QJ46,,
,,,B9UV78,,
,,,Q8HG47,,
,,,Q4KW73,,
,,,Q9T9D7,,
,,,A4ZEV8,,
,,,Q9TAE2,,
,,,B3LEE7,,
,,,Q9TAA4,,
,,,B7ZIC9,,
,,,A3DW79,,
,,,B8R797,,
,,,B7ZH31,,
,,,A9L9P9,,
,,,B5DCF6,,
,,,Q8HKN3,,
,,,A4KWW6,,
,,,B2CLJ5,,
,,,B9UUQ4,,
,,,B7SNC1,,
,,,B2CLJ6,,
,,,B2CLJ7,,
,,,B9ECQ2,,
,,,A1XV19,,
,,,Q94SQ7,,
,,,O79561,,
,,,B7FEB5,,
,,,Q0ZD56,,
,,,Q9G6R1,,
,,,B7U9H6,,
,,,B7SNA3,,
,,,B2MZI3,,
,,,Q2HXH9,,
,,,B8Q7B6,,
,,,B7ZHN9,,
,,,A7TY88,,
,,,B8YR26,,
,,,B2CGS8,,
,,,Q8HLP6,,
,,,Q644C4,,
,,,Q9MGG4,,
,,,O21136,,
,,,Q5N6M9,,
,,,Q9B633,,
,,,B8Q5G3,,
,,,B9TXY2,,
,,,B9TXY3,,
,,,A1XUY0,,
,,,Q9TAC4,,
,,,A0ZR67,,
,,,Q08G47,,
,,,B7ZJW5,,
,,,B2CLI9,,
,,,B2CLI7,,
,,,Q8WDT8,,
,,,Q1HUE0,,
,,,A3E054,,
,,,Q4U1E0,,
,,,A7TYA2,,
,,,A3E053,,
,,,A1XV10,,
,,,B8Q7A2,,
,,,Q8HLJ4,,
,,,A1XUX4,,
,,,B6DAB0,,
,,,B9TV06,,
,,,B2CLI8,,
,,,Q8HLM0,,
,,,Q9TAD7,,
,,,A5PIG2,,
,,,A3RKP0,,
,,,Q9MNQ9,,
,,,Q8HJT5,,
,,,B9TXY0,,
,,,Q8HJT7,,
,,,A0MZ73,,
,,,Q8HJS6,,
,,,Q9MNQ7,,
,,,B9TV08,,
,,,B9TV09,,
,,,B9TXY1,,
,,,Q5BNI7,,
,,,A1XV49,,
,,,A7E1I1,,
,,,Q85EG1,,
,,,Q94WM7,,
,,,Q5BNI8,,
,,,B6ZBM0,,
,,,A8V3K0,,
,,,Q8HML9,,
,,,A7TYB0,,
,,,A1KY09,,
,,,A0EY24,,
,,,Q94WM6,,
,,,Q1JQW1,,
,,,Q94WN5,,
,,,A0ZRV1,,
,,,Q8HLI1,,
,,,Q199S7,,
,,,O21139,,
,,,Q1XI70,,
,,,Q94RY9,,
,,,A4ZIL4,,
,,,A0ZRD2,,
,,,Q9PSF7,,
,,,Q94RY8,,
,,,A0ZRB9,,
,,,Q8HLE2,,
,,,Q695W0,,
,,,Q76MA3,,
,,,A4ZIL6,,
,,,B8Q7C3,,
,,,A4ZIL5,,
,,,Q6UYB7,,
,,,Q69IB1,,
,,,A0ZR28,,
,,,B5FWE2,,
,,,B2CLQ0,,
,,,Q76MC6,,
,,,B9TV04,,
,,,A9XN72,,
,,,Q4KWC5,,
,,,A2CHQ4,,
,,,B0YIP3,,
,,,B2CLQ4,,
,,,A7KGS6,,
,,,B5DCD0,,
,,,B2CLQ2,,
,,,A3DYI6,,
,,,A3DYI7,,
,,,A9ZNJ6,,
,,,B2CLQ1,,
,,,A8E1X7,,
,,,A3DYI8,,
,,,A7KXH8,,
,,,B2CLP6,,
,,,Q70E05,,
,,,Q8WDA2,,
,,,B2CFL6,,
,,,Q951H0,,
,,,B3EYC2,,
,,,A4ZIL7,,
,,,Q9MGH1,,
,,,A3DZ81,,
,,,B1Q2D1,,
,,,A4ZIL8,,
,,,Q6I7V9,,
,,,B2CLX9,,
,,,B7XCA9,,
,,,B7FDT3,,
,,,B8R7C3,,
,,,B2CLX7,,
,,,Q644Q4,,
,,,A7KGR7,,
,,,Q8HLT5,,
,,,B7ZH21,,
,,,Q0ZD52,,
,,,Q66SJ3,,
,,,Q9MNR0,,
,,,B0YIP6,,
,,,B7ZHE8,,
,,,A9XSD8,,
,,,B7ZHM6,,
,,,A1XV52,,
,,,Q66SL2,,
,,,B2CLX6,,
,,,B8Q7B0,,
,,,Q35414,,
,,,Q5VHM6,,
,,,A9XSL7,,
,,,A9XSK3,,
,,,A8RM90,,
,,,Q4KWB1,,
,,,A6XL99,,
,,,Q6I7T3,,
,,,B8R6Z3,,
,,,Q9MNR6,,
,,,A7TYB9,,
,,,Q85E45,,
,,,Q94SY5,,
,,,Q1XI59,,
,,,Q94WL4,,
,,,Q68MS0,,
,,,Q199E7,,
,,,Q6UYA8,,
,,,Q85CW6,,
,,,A4ZIL3,,
,,,B2CLK5,,
,,,B4YSK1,,
,,,Q6UYB0,,
,,,B8R719,,
,,,Q69IA4,,
,,,A9XTT4,,
,,,A7TY67,,
,,,Q5GMB6,,
,,,Q5EIH3,,
,,,B9TUZ9,,
,,,Q8HJT2,,
,,,A7KGT2,,
,,,Q58QD1,,
,,,Q9B702,,
,,,Q94SC7,,
,,,A4ZIQ1,,
,,,A4ZIQ0,,
,,,A7E1K7,,
,,,A1IGQ1,,
,,,A4ZIQ5,,
,,,B8R771,,
,,,B2CL77,,
,,,Q506L7,,
,,,A0ZRE5,,
,,,B6VJF9,,
,,,A7KGR3,,
,,,B2CLB2,,
,,,B0YIP5,,
,,,B2CL58,,
,,,O21107,,
,,,A1XUY2,,
,,,B2CLU2,,
,,,B8LJD1,,
,,,B0YIN4,,
,,,B3LEH3,,
,,,B2CLU1,,
,,,Q30EM9,,
,,,Q2QGC1,,
,,,B5WZ66,,
,,,Q30EM8,,
,,,B2CLA5,,
,,,Q2A0J3,,
,,,B5WZA5,,
,,,A8RM13,,
,,,A6MGD2,,
,,,A6MGE2,,
,,,A6MGF0,,
,,,Q85Q35,,
,,,A6MGF5,,
,,,Q94WJ4,,
,,,A5PIS9,,
,,,Q335R5,,
,,,Q8HKP6,,
,,,Q8LXF8,,
,,,A6MGE6,,
,,,B6CHX6,,
,,,A6MGE9,,
,,,A4ZIP4,,
,,,B2CLS9,,
,,,B9UVD1,,
,,,A4ZIP0,,
,,,A6XL71,,
,,,A6XL81,,
,,,A4ZIN1,,
,,,B7S6A4,,
,,,Q951F2,,
,,,Q951F1,,
,,,A6XL78,,
,,,A4ZIN7,,
,,,A4UAI9,,
,,,A4ZIP2,,
,,,Q94T65,,
,,,A7J5D8,,
,,,A4ZIN0,,
,,,A4ZIP1,,
,,,Q951F3,,
,,,B9UJD9,,
,,,Q69IB0,,
,,,Q9TAA6,,
,,,A6XL76,,
,,,Q1WBX9,,
,,,A6XL79,,
,,,A6XL72,,
,,,A4ZIM7,,
,,,A6XL75,,
,,,Q94T18,,
,,,A6XL69,,
,,,A4ZIN6,,
,,,A4ZIN9,,
,,,Q6UYB5,,
,,,B8Q7C5,,
,,,Q695V7,,
,,,A4ZIP3,,
,,,A4ZIN5,,
,,,B2CLN9,,
,,,A3RKN0,,
,,,B7U9K3,,
,,,A8UTQ7,,
,,,A7DYH6,,
,,,B9ECH4,,
,,,Q9MGI3,,
,,,B2CLP0,,
,,,B5RIA8,,
,,,B2CLP2,,
,,,B8Q797,,
,,,Q1XI75,,
,,,B2CLP1,,
,,,Q5GME2,,
,,,Q8HJS3,,
,,,A3DZN7,,
,,,Q8HLZ9,,
,,,Q9MGG6,,
,,,A9QXH2,,
,,,B3LEA8,,
,,,Q8HM12,,
,,,A1XV42,,
,,,Q2VYB4,,
,,,A7KGT3,,
,,,Q8HL52,,
,,,B2CLN2,,
,,,B7U5C5,,
,,,B8R7G2,,
,,,A4QJ33,,
,,,B7SAN7,,
,,,A1XV01,,
,,,A4ZIM0,,
,,,A0ZNK5,,
,,,A9J6R2,,
,,,O21200,,
,,,A4ZIL9,,
,,,B8R6G1,,
,,,B0YIP2,,
,,,A7RDC2,,
,,,Q5D6F9,,
,,,A7KGS9,,
,,,A7XM25,,
,,,B7FDV9,,
,,,A7TY62,,
,,,Q5VHG1,,
,,,B7U5D7,,
,,,Q8HJU5,,
,,,B7FE11,,
,,,A8UU44,,
,,,B8Q7C0,,
,,,A9X4G7,,
,,,A1XV26,,
,,,Q8HKQ9,,
,,,B2CM02,,
,,,Q199H3,,
,,,B8Q7C1,,
,,,Q68MF3,,
,,,Q69IA7,,
,,,Q68GB1,,
,,,Q9TAE1,,
,,,Q94Q66,,
,,,B2CM05,,
,,,B8PTR9,,
,,,A7LP35,,
,,,A7U7K8,,
,,,Q5N6D8,,
,,,A5PIM7,,
,,,A3DXI6,,
,,,B2CM00,,
,,,Q1XI69,,
,,,Q9MNR3,,
,,,O21141,,
,,,Q5GM82,,
,,,Q4KW82,,
,,,Q2QG04,,
,,,B8R706,,
,,,A0EXZ8,,
,,,A8V3H8,,
,,,A1XUX9,,
,,,A7E1F5,,
,,,A1XV00,,
,,,Q8HMN2,,
,,,Q68MG7,,
,,,Q94WL5,,
,,,B3FWR1,,
,,,A1XV56,,
,,,Q2QG17,,
,,,B8R7I8,,
,,,A1XV21,,
,,,B6ZBM3,,
,,,Q2A0G7,,
,,,A1XV38,,
,,,B7ZHD8,,
,,,Q68ME5,,
,,,Q6ZLZ7,,
,,,B2WVL2,,
,,,Q5N6T1,,
,,,A7DWM9,,
,,,Q8LXG3,,
,,,Q6F3Z0,,
,,,Q070Q3,,
,,,Q94SJ2,,
,,,A6XL49,,
,,,Q85E21,,
,,,B7SLX0,,
,,,A6XL41,,
,,,A3E0J3,,
,,,Q9ZZA2,,
,,,Q645E7,,
,,,Q9TA09,,
,,,Q9TAD4,,
,,,A6XL45,,
,,,A6XL42,,
,,,B2CFM7,,
,,,Q94WI6,,
,,,A3E0J4,,
,,,A7KGR4,,
,,,B9TXX9,,
,,,Q9XL16,,
,,,A6XL44,,
,,,A6XL43,,
,,,Q50HK3,,
,,,B5BQ58,,
,,,B2CL10,,
,,,A1XV03,,
,,,A7TY80,,
,,,A8E1W4,,
,,,Q85EG2,,
,,,B5BQ32,,
,,,B2CL12,,
,,,A7TY97,,
,,,Q07DT5,,
,,,B5WZF7,,
,,,Q402Q5,,
,,,B2CL11,,
,,,Q0ZNY0,,
,,,Q94WH7,,
,,,Q199G0,,
,,,A5XZ85,,
,,,A0PDS5,,
,,,B7ZHS8,,
,,,Q68MC0,,
,,,Q4KW99,,
,,,Q1XI67,,
,,,Q4KWA1,,
,,,Q8HM25,,
,,,Q1ESX6,,
,,,B8Q7A4,,
,,,Q951G0,,
,,,Q951G1,,
,,,A3DYK6,,
,,,A3RKN4,,
,,,A1XV06,,
,,,A1XUZ3,,
,,,Q4F7R5,,
,,,Q2NPM7,,
,,,Q94SN1,,
,,,Q2NPR6,,
,,,Q2NPS9,,
,,,Q94WL3,,
,,,A0T4D1,,
,,,Q6W6H7,,
,,,Q4F7R6,,
,,,A1BQB5,,
,,,Q2NPK1,,
,,,Q9MGI2,,
,,,Q2NPL4,,
,,,Q2NPQ3,,
,,,A1BQB4,,
,,,B7SAG5,,
,,,Q68N54,,
,,,Q2NPV5,,
,,,B7SAK5,,
,,,Q5VCE0,,
,,,B7ZJW0,,
,,,Q94WI2,,
,,,A0ZR54,,
,,,A9Y817,,
,,,A8RLY1,,
,,,A5PII8,,
,,,Q8HMC8,,
,,,B9TV00,,
,,,Q9MGH9,,
,,,A7YLW2,,
,,,Q5N6Q5,,
,,,Q6YT21,,
,,,Q85Q37,,
,,,B7XC83,,
,,,Q94WI8,,
,,,A1XV34,,
,,,A1XV48,,
,,,A7YLV9,,
,,,B9TV01,,
,,,Q85Q36,,
,,,Q9TAC0,,
,,,A0ZZ04,,
,,,Q9MCY7,,
,,,B6RPW3,,
,,,B8Q7B3,,
,,,O21123,,
,,,Q8HM51,,
,,,Q94SL8,,
,,,B7U5C4,,
,,,B5SRT1,,
,,,B6RPW4,,
,,,B7U5D1,,
,,,A3DV08,,
,,,Q85DZ5,,
,,,B7ZJW2,,
,,,Q644D7,,
,,,B7FDS0,,
,,,B8Q7C9,,
,,,Q5N6H7,,
,,,Q2QGA8,,
,,,Q0ZD55,,
,,,A6Y867,,
,,,Q9MGF6,,
,,,Q5N6P2,,
,,,Q9G6P8,,
,,,A3RIM7,,
,,,Q644M7,,
,,,A7TY33,,
,,,A1XV41,,
,,,A5HW02,,
,,,Q7YA21,,
,,,B2CL52,,
,,,A3RIM5,,
,,,Q5CD63,,
,,,A1XV55,,
,,,A1XUY5,,
,,,A3RIM8,,
,,,B3EZ34,,
,,,Q68MG3,,
,,,B8Q2Z0,,
,,,A0PDN7,,
,,,Q8SK36,,
,,,B8R6M6,,
,,,A7TY73,,
,,,B7FE63,,
,,,Q4GWP7,,
,,,Q285N6,,
,,,B2CM09,,
,,,B2CFL8,,
,,,B8R7K1,,
,,,Q2QG69,,
,,,Q1G573,,
,,,A3E0D1,,
,,,A0PDN0,,
,,,Q5N6J0,,
,,,B7ZHW7,,
,,,A2VCI4,,
,,,Q4KW70,,
,,,A8E216,,
,,,A4LBA4,,
,,,Q951F8,,
,,,Q951G5,,
,,,A6XL04,,
,,,Q951F9,,
,,,A3DZ72,,
,,,Q4KW69,,
,,,A7TY55,,
,,,B1PX56,,
,,,A6XL03,,
,,,Q68MG1,,
,,,A7TY28,,
,,,B1PX55,,
,,,B6CJV3,,
,,,Q94T40,,
,,,Q4KWB9,,
,,,B7UDV2,,
,,,Q199N8,,
,,,B5DCG9,,
,,,B6DCG9,,
,,,B7FE24,,
,,,Q5VHI7,,
,,,A1XUY9,,
,,,A1XUY3,,
,,,Q4KWC0,,
,,,O21307,,
,,,Q9TAA2,,
,,,A7DWP2,,
,,,A1XRK9,,
,,,B8Y3W9,,
,,,A8RMC9,,
,,,Q85FB8,,
,,,Q94T05,,
,,,A1Y9T3,,
,,,Q8LXG2,,
,,,A9Y824,,
,,,A7E1J4,,
,,,A7XM47,,
,,,B8R7B0,,
,,,B7ZHA2,,
,,,Q4KW94,,
,,,A3DY37,,
,,,Q1XI76,,
,,,Q94WM0,,
,,,Q68MJ9,,
,,,Q9G9Q9,,
,,,B2CLN6,,
,,,O21201,,
,,,B4YSJ7,,
,,,B9UUF3,,
,,,Q94WN2,,
,,,Q94WN3,,
,,,A4ZIK8,,
,,,A7TYB3,,
,,,A6MUP6,,
,,,Q5XL38,,
,,,Q9XPF2,,
,,,Q9MNQ8,,
,,,Q8SG23,,
,,,A4K6A2,,
,,,Q68MJ7,,
,,,Q94WI7,,
,,,Q85FB6,,
,,,Q951G2,,
,,,Q951G3,,
,,,B2CLX1,,
,,,B2CLW9,,
,,,Q17U82,,
,,,B7ZJW8,,
,,,Q951F7,,
,,,B1Q2D7,,
,,,Q1G576,,
,,,Q94WH5,,
,,,Q951F6,,
,,,Q68MU1,,
,,,A5PIQ3,,
,,,B2CLX3,,
,,,B9UDF6,,
,,,B2CLX2,,
,,,Q9TAE0,,
,,,A8RM49,,
,,,Q94TB7,,
,,,Q3BEP0,,
,,,B8Q799,,
,,,B4YSJ9,,
,,,Q1G565,,
,,,Q94YN0,,
,,,Q94WI9,,
,,,Q0KJ14,,
,,,A7TY59,,
,,,B8PTT2,,
,,,Q8HLY6,,
,,,B8R6W7,,
,,,B2CM06,,
,,,B2CKI3,,
,,,B7S678,,
,,,Q5Z5P0,,
,,,Q5VHH4,,
,,,A7KGS7,,
,,,Q1HU49,,
,,,A3DX60,,
,,,B7ZH70,,
,,,Q85D05,,
,,,A3E003,,
,,,A3E0B0,,
,,,B7ZHA9,,
,,,Q8HJR9,,
,,,A1XV05,,
,,,B6ZC00,,
,,,Q8HMG7,,
,,,Q2QGD4,,
,,,Q9MNR5,,
,,,A7TY23,,
,,,Q8HLW1,,
,,,A9JQI2,,
,,,B9TV05,,
,,,Q071D2,,
,,,B6RMS7,,
,,,Q6UNK2,,
,,,A7TY41,,
,,,A0ZRR2,,
,,,A7TY74,,
,,,Q8HL91,,
,,,Q8HMA1,,
,,,Q8SG24,,
,,,B4YSK8,,
,,,Q9TAE4,,
,,,Q402P2,,
,,,Q4F7Q4,,
,,,A3DYE6,,
,,,Q58L48,,
,,,Q1G575,,
,,,A9UJ19,,
,,,A7TYB8,,
,,,Q4F7Q3,,
,,,Q402R8,,
,,,Q68N25,,
,,,Q4KWC7,,
,,,A7XDN4,,
,,,A3RIN7,,
,,,Q85E33,,
,,,Q4KWC6,,
,,,Q402M9,,
,,,Q9MGH8,,
,,,Q9TAD6,,
,,,Q4F7Q5,,
,,,B7ZH43,,
,,,Q94WL0,,
,,,Q85DI1,,
,,,A1BQD1,,
,,,B1Q2G4,,
,,,A9X1D9,,
,,,Q94WI0,,
,,,Q68MT3,,
,,,B8Q315,,
,,,Q8HJU4,,
,,,A0ZRA6,,
,,,B8Q302,,
,,,A7TY78,,
,,,A1XV20,,
,,,B7XCE8,,
,,,Q4KWC4,,
,,,Q68ML5,,
,,,Q8HKS2,,
,,,Q36148,,
,,,B2CLZ1,,
,,,Q49SC3,,
,,,Q94RY3,,
,,,A3DZX4,,
,,,Q1XI74,,
,,,A2VCE5,,
,,,O21178,,
,,,Q9TAB6,,
,,,Q50ET9,,
,,,B7S665,,
,,,B7ZJW9,,
,,,B6VGE5,,
,,,Q644T0,,
,,,A7E1N3,,
,,,Q94WG9,,
,,,Q68ME8,,
,,,A7TY66,,
,,,Q3IA74,,
,,,Q76FA3,,
,,,A3E0A5,,
,,,B4YSK7,,
,,,B7U5C7,,
,,,A3DZU7,,
,,,B5FWI1,,
,,,B6RPV4,,
,,,Q8HMK6,,
,,,A3DZU6,,
,,,Q94WJ5,,
,,,B7S691,,
,,,Q5N6F1,,
,,,Q1HU75,,
,,,Q68MI7,,
,,,B4YSJ5,,
,,,A0EY37,,
,,,A7KGU1,,
,,,Q58L53,,
,,,O21212,,
,,,B6CHY6,,
,,,A9XF48,,
,,,O21204,,
,,,B5BQ87,,
,,,Q9TAA8,,
,,,A7DWQ5,,
,,,B1Q2J0,,
,,,A7E1C9,,
,,,A0ZPU0,,
,,,A1XV73,,
,,,Q1RNA8,,
,,,Q9TAC2,,
,,,A3RKN3,,
,,,Q94SX2,,
,,,B8R6Q2,,
,,,Q6PY55,,
,,,Q4KWA5,,
,,,Q5VHE8,,
,,,A9LY88,,
,,,B6CHZ3,,
,,,Q9MIA7,,
,,,A1IGH1,,
,,,Q6I7Y5,,
,,,A3RKM4,,
,,,Q58J07,,
,,,A7TY36,,
,,,A8T321,,
,,,B6CHX4,,
,,,Q4KW92,,
,,,Q49S57,,
,,,B7UDV4,,
,,,Q4KWB0,,
,,,Q5BNI2,,
,,,B7FEA2,,
,,,Q6I7X2,,
,,,A4QIM7,,
,,,Q0ZD54,,
,,,Q5BNI3,,
,,,B8Q7C2,,
,,,A4ZIM1,,
,,,B1Q2H7,,
,,,B8R6R5,,
,,,Q58L40,,
,,,A1XUY7,,
,,,Q6ZLV6,,
,,,B6CHY4,,
,,,Q58L51,,
,,,A1XV65,,
,,,Q0R634,,
,,,A4QJ07,,
,,,Q85CX9,,
,,,Q6VV57,,
,,,A1XV11,,
,,,Q9TAD2,,
,,,Q334I8,,
,,,A7TY56,,
,,,A3DV02,,
,,,Q20FG3,,
,,,A9GZ65,,
,,,Q4KWB8,,
,,,A1XUY8,,
,,,Q957Y5,,
,,,B7FDU6,,
,,,B0YIP9,,
,,,Q5EXG3,,
,,,Q8SG28,,
,,,Q8HKW1,,
,,,B7U5D3,,
,,,A3DV01,,
,,,A7TY49,,
,,,A0EXX2,,
,,,Q9MCY3,,
,,,B8Q7B9,,
,,,A1XV02,,
,,,Q951F4,,
,,,Q9TAB8,,
,,,Q68MR7,,
,,,B8R784,,
,,,B6CWJ9,,
,,,A3DXQ4,,
,,,Q5N699,,
,,,Q951F5,,
,,,A1XV28,,
,,,Q68MQ7,,
,,,Q9MGG5,,
,,,B6RPW8,,
,,,Q94TJ3,,
,,,Q8LXF7,,
,,,Q6Z7Y7,,
,,,Q9MGI6,,
,,,B6CHY8,,
,,,B6CHY9,,
,,,A0ZNL8,,
,,,B2CLB0,,
,,,A1XUZ2,,
,,,B2CLA9,,
,,,B9TV20,,
,,,Q9XL27,,
,,,B8Q7C7,,
,,,A3E013,,
,,,B9TV19,,
,,,Q335U1,,
,,,A3DXL9,,
,,,B2CFL9,,
,,,Q9MCY2,,
,,,Q8HMI0,,
,,,B9UU61,,
,,,A4QIV5,,
,,,A0EQ83,,
,,,Q94SB4,,
,,,B7ZHV4,,
,,,Q58J14,,
,,,Q9MCY1,,
,,,Q9TAD9,,
,,,B0YIN7,,
,,,Q9MGG2,,
,,,A3DUU1,,
,,,Q9MGH2,,
,,,Q9XPG0,,
,,,Q8HLB6,,
,,,B7ZHI7,,
,,,Q8LXF9,,
,,,Q94WJ8,,
,,,B8Q7D7,,
,,,A1IG54,,
,,,B2CLW4,,
,,,Q85E71,,
,,,A7TY53,,
,,,A0ZR02,,
,,,A3RKM5,,
,,,A7TYB2,,
,,,A1XV07,,
,,,Q4KW79,,
,,,A7YAF2,,
,,,B2CLW5,,
,,,B2CLW3,,
,,,Q304X7,,
,,,B7ZGZ2,,
,,,B9TV02,,
,,,Q8HJS9,,
,,,A6XL89,,
,,,A1XUZ9,,
,,,A6XL94,,
,,,Q199I6,,
,,,B6RPX0,,
,,,A7XN46,,
,,,Q94WH4,,
,,,Q3LGD0,,
,,,A3DW95,,
,,,B2CL96,,
,,,Q94WH2,,
,,,B0YIP1,,
,,,Q9TAC6,,
,,,Q85Q38,,
,,,B8Q7C6,,
,,,A6XL93,,
,,,A7TY64,,
,,,B7U5D0,,
,,,A1XV54,,
,,,B7FE76,,
,,,Q2KT78,,
,,,Q199M5,,
,,,Q9XKZ3,,
,,,B5WZJ6,,
,,,B8QZL0,,
,,,B7U5C8,,
,,,B8R6S8,,
,,,Q644F0,,
,,,A4KVS8,,
,,,Q1EHN9,,
,,,Q5GMC9,,
,,,Q85FC3,,
,,,B5DCE3,,
,,,B2ZAK4,,
,,,B2ZAK5,,
,,,Q94RG6,,
,,,A4QJ72,,
,,,Q94RY4,,
,,,A0ZYX8,,
,,,A3DZY1,,
,,,A6XL53,,
,,,Q9TAD8,,
,,,Q195I9,,
,,,B2ZAM0,,
,,,A6XL55,,
,,,A6XL56,,
,,,B2ZAI5,,
,,,Q4QYB4,,
,,,B0LXC9,,
,,,A6XL60,,
,,,B2ZAL8,,
,,,A6XL54,,
,,,Q4L2D5,,
,,,A6XL59,,
,,,A6XL57,,
,,,Q58L39,,
,,,A6XL58,,
,,,Q2YHH3,,
,,,B2ZAJ9,,
,,,B2ZAJ4,,
,,,B8QZL5,,
,,,B2ZAJ3,,
,,,B2ZAK2,,
,,,A6XL52,,
,,,B2ZAJ6,,
,,,B3GT94,,
,,,A4QIP0,,
,,,Q2QG43,,
,,,Q85D57,,
,,,B6RPW7,,
,,,A5PIH5,,
,,,Q6RUI5,,
,,,A4L9R8,,
,,,A0ZRT8,,
,,,A1XV39,,
,,,Q85FC2,,
,,,Q58L46,,
,,,Q8LXG0,,
,,,A6XL05,,
,,,Q199L2,,
,,,A3DW90,,
,,,A6XL10,,
,,,A6XL18,,
,,,A6XL08,,
,,,Q94SG6,,
,,,Q8HLS2,,
,,,B2CL27,,
,,,B2CLS5,,
,,,B2CLS3,,
,,,A4KWD1,,
,,,O21170,,
,,,B0YIQ5,,
,,,A3RKN1,,
,,,Q9B6Y0,,
,,,A6XL15,,
,,,B2CL47,,
,,,B2CL22,,
,,,B2CL25,,
,,,A6XL14,,
,,,Q5R2T3,,
,,,A1XV18,,
,,,A6XL07,,
,,,B8Q7D4,,
,,,Q9MNR1,,
,,,A6XL16,,
,,,B2CL36,,
,,,B2CL35,,
,,,Q4GWK8,,
,,,A3E095,,
,,,A3E094,,
,,,B8R6Y0,,
,,,A1XUY6,,
,,,A9Y7Y6,,
,,,A7TY61,,
,,,Q94T31,,
,,,A8HC86,,
,,,A2VCF8,,
,,,B5WZE4,,
,,,B7SMZ9,,
,,,Q4KW95,,
,,,Q402L4,,
,,,Q4KW97,,
,,,A1XUX5,,
,,,A1IGT0,,
,,,B8Q7C4,,
,,,A3DW76,,
,,,Q94WK2,,
,,,B5SRS8,,
,,,A0A2P5,,
,,,Q94WK1,,
,,,Q64JQ6,,
,,,Q1G562,,
,,,Q94WL6,,
,,,B2YFX0,,
,,,Q68MQ8,,
,,,B8Q7D1,,
,,,Q8HMV3,,
,,,O21115,,
,,,B3VQI4,,
,,,Q1XI60,,
,,,Q1G568,,
,,,A1XV44,,
,,,A5PI58,,
,,,A1XV64,,
,,,B2MZI4,,
,,,Q8WEA7,,
,,,B0YIQ1,,
,,,Q66SZ4,,
,,,Q58ID4,,
,,,B2CFN7,,
,,,Q4KW74,,
,,,B7SLU4,,
,,,Q0KGB2,,
,,,A3DWS7,,
,,,B7ZJV8,,
,,,Q1G563,,
,,,A1XV71,,
,,,Q2HQV9,,
,,,Q94RY1,,
,,,Q17U69,,
,,,A0ZQY9,,
,,,A7KXT5,,
,,,A0AB44,,
,,,Q9MDD7,,
,,,A0ZNN1,,
,,,A1XV29,,
,,,Q4KW85,,
,,,Q4KW87,,
,,,Q8HN23,,
,,,Q9B6W8,,
,,,Q9MGH6,,
,,,Q8HJS4,,
,,,A7KGS1,,
,,,B1Q2F1,,
,,,B8QZM3,,
,,,A1IGJ7,,
,,,Q1HU10,,
,,,A7TYA5,,
,,,A4KZ76,,
,,,Q85CZ2,,
,,,Q9TAB4,,
,,,B5U2C4,,
,,,Q4KW86,,
,,,Q94WJ3,,
,,,Q94WJ7,,
,,,A3E0K6,,
,,,A7TY94,,
,,,B5BQ74,,
,,,A4ZPL7,,
,,,Q5BNJ9,,
,,,B5KM74,,
,,,Q5BNJ8,,
,,,A1XUZ6,,
,,,B5WZ79,,
,,,A9X4E1,,
,,,B7ZHG1,,
,,,Q94YP3,,
,,,A0ZPS7,,
,,,Q7IEJ5,,
,,,A3DYL7,,
,,,Q1XI68,,
,,,Q199Q1,,
,,,A7TY98,,
,,,A8HC92,,
,,,Q8HJS2,,
,,,Q9MCX4,,
,,,A9LY67,,
,,,Q49S70,,
,,,A9Y810,,
,,,A0ZRL0,,
,,,Q9MCX3,,
,,,Q1HUG6,,
,,,B5U133,,
,,,Q58L38,,
,,,B4YSL0,,
,,,B8R6V4,,
,,,Q69IA8,,
,,,Q9TAE3,,
,,,Q69AX2,,
,,,Q1HUH9,,
,,,A7KGR2,,
,,,A1XUZ4,,
,,,Q85FB4,,
,,,B0ZBP4,,
,,,B5U2C1,,
,,,Q1G7K1,,
,,,A1XV67,,
,,,A8E203,,
,,,A1XV25,,
,,,Q1JQT1,,
,,,Q1JQU8,,
,,,Q1JQV4,,
,,,B2CLV4,,
,,,A3DWZ0,,
,,,Q94WH9,,
,,,B7S6F6,,
,,,A4UMU8,,
,,,Q1JQU1,,
,,,Q85E84,,
,,,Q1JQT7,,
,,,B0YIQ2,,
,,,Q68MN7,,
,,,B8R7M3,,
,,,Q9MCX9,,
,,,B4YSJ6,,
,,,A2VC80,,
,,,A2VCA6,,
,,,Q58J12,,
,,,Q9MGI7,,
,,,B0YIQ4,,
,,,B9UDE3,,
,,,Q4KW89,,
,,,B5U2C5,,
,,,A1XUX6,,
,,,B7FDX2,,
,,,A1XV33,,
,,,B7ZJX1,,
,,,A7TY77,,
,,,Q9MCY0,,
,,,B7ZJV9,,
,,,B8Q7A0,,
,,,Q8HMS9,,
,,,B7U5D5,,
,,,Q69IA5,,
,,,A9JQF9,,
,,,Q64JU5,,
,,,Q4ZGF5,,
,,,Q58L44,,
,,,A8HC89,,
,,,B8QZJ8,,
,,,Q58L50,,
,,,Q644G3,,
,,,B9TV07,,
,,,A9XHX1,,
,,,Q958B6,,
,,,A4ZHG4,,
,,,A0ZYW5,,
,,,Q69IA3,,
,,,Q071B9,,
,,,A9Y803,,
,,,A1XUZ7,,
,,,A7TY93,,
,,,Q070R6,,
,,,Q1XD87,,
,,,Q94WK7,,
,,,Q9B6Z1,,
,,,B0YIQ0,,
,,,A7TY68,,
,,,A1XV51,,
,,,B3LEJ9,,
,,,A7TY70,,
,,,A1XUX3,,
,,,A5PIL4,,
,,,A7TYB5,,
,,,B4XHS7,,
,,,Q4KW72,,
,,,A3DZJ6,,
,,,A3DZL3,,
,,,A3DZL1,,
,,,A3DZJ8,,
,,,B6CHY1,,
,,,A3DZJ7,,
,,,B7S6K8,,
,,,Q6I800,,
,,,A4QIK1,,
,,,A3DZK5,,
,,,B0YIQ3,,
,,,B5M427,,
,,,B7ZJW6,,
,,,A3DZK8,,
,,,Q4KW93,,
,,,A3DZK9,,
,,,B9TV12,,
,,,B7UDV3,,
,,,Q4ZGH8,,
,,,Q30EN5,,
,,,A3DZK7,,
,,,A3RKM3,,
,,,B7S6I2,,
,,,A1XUY4,,
,,,Q956S3,,
,,,B2CLK0,,
,,,A7KGS2,,
,,,A6MUR4,,
,,,A5PID6,,
,,,A7XBY9,,
,,,B5BQ19,,
,,,A1XV09,,
,,,B7FDY5,,
,,,B2CLK2,,
,,,B3GT05,,
,,,A9ZNI3,,
,,,Q1G571,,
,,,Q1EHM7,,
,,,Q85FB9,,
,,,Q8SFC3,,
,,,A0ZPY0,,
,,,Q94SK5,,
,,,Q94SA1,,
,,,A7TY27,,
,,,A0ZRH1,,
,,,Q68MG6,,
,,,O21120,,
,,,B9TV13,,
,,,A7KGT4,,
,,,B2WVJ9,,
,,,A7TY69,,
,,,Q94ZE1,,
,,,B2CLU7,,
,,,A5PIE9,,
,,,B6RPW9,,
,,,Q58L41,,
,,,Q199J9,,
,,,Q951F0,,
,,,A1XV61,,
,,,O21134,,
,,,B7ZHC2,,
,,,Q9MNR4,,
,,,A0EY11,,
,,,B8Q7B2,,
,,,A1XV17,,
,,,B8R6H7,,
,,,Q951E9,,
,,,Q68MN3,,
,,,A4GVV6,,
,,,B8YQL3,,
,,,Q64JT2,,
,,,Q94TE1,,
,,,Q4KW71,,
,,,A7TY40,,
,,,Q68MD6,,
,,,A0ZPQ2,,
,,,Q070X8,,
,,,Q8HLG8,,
,,,A9X4F4,,
,,,Q9MGF8,,
,,,A3RKN6,,
,,,A1XV32,,
,,,Q94TI0,,
,,,A1XV59,,
,,,Q68MA5,,
,,,Q070S8,,
,,,Q6UYB6,,
,,,A4ZIK9,,
,,,Q070W5,,
,,,Q8HQP3,,
,,,Q8HJU1,,
,,,A3RKN2,,
,,,Q94WH3,,
,,,Q5N6R8,,
,,,Q85D83,,
,,,Q4KW88,,
,,,Q5EXD7,,
,,,B0YIP8,,
,,,B7ZHR5,,
,,,Q951H3,,
,,,Q4KW91,,
,,,B6CWM2,,
,,,Q8HLA3,,
,,,Q68MR6,,
,,,Q76MG9,,
,,,Q4KWB5,,
,,,Q4KW90,,
,,,B7FDZ8,,
,,,A4QIS9,,
,,,Q951H4,,
,,,Q2MIN3,,
,,,A1XV43,,
,,,Q58L47,,
,,,B2CLH4,,
,,,Q5VHK0,,
,,,B7U5D6,,
,,,A4QIY1,,
,,,B7X9E1,,
,,,Q644H6,,
,,,Q0VH99,,
,,,B7SLR8,,
,,,A1XV22,,
,,,B9TV18,,
,,,B8Q7A6,,
,,,B8XWW0,,
,,,Q1HU88,,
,,,Q94TA4,,
,,,Q9MCX7,,
,,,Q58J11,,
,,,Q9MCX8,,
,,,A0ZRN6,,
,,,A2VCH1,,
,,,Q68MW1,,
,,,B2CFM3,,
,,,B8R6K0,,
,,,A7U4X6,,
,,,A7TYA1,,
,,,A1XUX2,,
,,,Q4KW78,,
,,,A3E059,,
,,,Q4KW77,,
,,,A1XV27,,
,,,A3DY32,,
,,,A9L9R1,,
,,,Q94R43,,
,,,A7KGU2,,
,,,B8R732,,
,,,Q94WH0,,
,,,A3DY31,,
,,,A7RDA9,,
,,,A3E060,,
,,,B9ECK0,,
,,,Q8HLN3,,
,,,Q8HLU8,,
,,,Q644R7,,
,,,B9TV17,,
,,,A2VCB9,,
,,,Q6B3D5,,
,,,A2BD37,,
,,,Q9MGF7,,
,,,Q68MR9,,
,,,Q85DY2,,
,,,A7TY47,,
,,,Q9MGH4,,
,,,B7SNB8,,
,,,B0YIN5,,
,,,Q8HLQ9,,
,,,A2VC41,,
,,,B9TV40,,
,,,B9TV37,,
,,,A2VCD2,,
,,,Q8HJT4,,
,,,Q58J16,,
,,,Q66SX6,,
,,,B9TV34,,
,,,B9TV32,,
,,,Q4KW81,,
,,,Q9MGI4,,
,,,B9UUM0,,
,,,B9TV38,,
,,,Q8HJT6,,
,,,Q4KWA7,,
,,,Q951E5,,
,,,B6CHX5,,
,,,A6MUR6,,
,,,Q68MC1,,
,,,Q94WM1,,
,,,A0ZRZ9,,
,,,A3DYI3,,
,,,A3DX04,,
,,,Q4KWC2,,
,,,Q94WH6,,
,,,Q4KW68,,
,,,Q5N6G4,,
,,,A1XV47,,
,,,Q76MC5,,
,,,A1XV40,,
,,,Q85D96,,
,,,Q4KWB4,,
,,,Q4KWB3,,
,,,A3DXZ5,,
,,,B7ZHL0,,
,,,A8WBY4,,
,,,Q1JQX0,,
,,,Q1JQX1,,
,,,Q4GWJ5,,
,,,O21130,,
,,,Q5BNI9,,
,,,Q958A7,,
,,,Q5WA42,,
,,,A6XL28,,
,,,A6XL26,,
,,,Q5BNJ0,,
,,,A6XL24,,
,,,A6XL23,,
,,,A6XL19,,
,,,A6XL25,,
,,,Q5BNJ3,,
,,,Q9MNQ4,,
,,,Q9TAB0,,
,,,A6XL29,,
,,,Q199R4,,
,,,Q94WH8,,
,,,A6XL22,,
,,,Q2TCU9,,
,,,Q94SH9,,
,,,Q9B6T2,,
,,,B7U5C9,,
,,,A6XL20,,
,,,Q4G690,,
,,,Q68MZ8,,
,,,B6CHZ1,,
,,,B5FWF5,,
,,,B2CLU3,,
,,,B8Q7A9,,
,,,Q1XI71,,
,,,Q94T78,,
,,,Q58L49,,
,,,Q3BEQ3,,
,,,Q8HL65,,
,,,Q6T1Z0,,
,,,B8Q7A1,,
,,,A0ZRM3,,
,,,A7KGR5,,
,,,B7SLQ5,,
,,,B7S718,,
,,,A1XUY1,,
,,,B2CLU4,,
,,,B8Q798,,
,,,Q85U58,,
,,,Q5J682,,
,,,Q5GMF5,,
,,,A7TY65,,
,,,Q94T91,,
,,,B2CFL4,,
,,,Q5BNI6,,
,,,B8R7D6,,
,,,A3E0G7,,
,,,A7TYD1,,
,,,B2CLS7,,
,,,A3E008,,
,,,B1PX62,,
,,,B2CLS6,,
,,,Q8HL39,,
,,,A3E009,,
,,,Q8HKT5,,
,,,A7TY52,,
,,,B9TXX8,,
,,,B6RPY1,,
,,,A7TYB1,,
,,,A1IGR7,,
,,,Q5BNI5,,
,,,B9TXX7,,
,,,B7ZH83,,
,,,Q94WL8,,
,,,A7XDJ9,,
,,,A1XHZ2,,
,,,Q94WL9,,
,,,Q644B1,,
,,,Q8HJT0,,
,,,Q5U9P1,,
,,,Q94WI3,,
,,,Q1ESY3,,
,,,Q6EH96,,
,,,B6ECJ9,,
,,,B2CLA8,,
,,,Q8LWQ6,,
,,,Q1ESX7,,
,,,Q8SF54,,
,,,B8Q7B7,,
,,,Q8HJT1,,
,,,B7XCC2,,
,,,B8R6I7,,
,,,Q30GF4,,
,,,A7KGR9,,
,,,B8Q7B5,,
,,,B6E4D6,,
,,,B7U5C6,,
,,,Q68MZ5,,
,,,Q1EHR5,,
,,,A1XV23,,
,,,B2CLH8,,
,,,B2CLI2,,
,,,B5FWG8,,
,,,B1AA20,,
,,,Q9MGH5,,
,,,A1XV57,,
,,,A7XMV5,,
,,,Q1G561,,
,,,B2CLI3,,
,,,Q94S75,,
,,,A0ZR93,,
,,,B2CL93,,
,,,Q8HM38,,
,,,A3RKM9,,
,,,Q30EJ7,,
,,,Q5BNI4,,
,,,B0YIP0,,
,,,O21133,,
,,,B6RPX7,,
,,,B2CLR5,,
,,,Q94RZ0,,
,,,B6RPX5,,
,,,B6RPX6,,
,,,Q1G564,,
,,,A1XV63,,
,,,A7TY75,,
,,,A1XV16,,
,,,A4QJ20,,
,,,Q94TC9,,
,,,Q2KT03,,
,,,Q58L52,,
,,,Q94WN4,,
,,,Q4GWM1,,
,,,B7SKU9,,
,,,B3LEI6,,
,,,A3RMM4,,
,,,B8Q7C8,,
,,,Q2A0I0,,
,,,A7E1L8,,
,,,Q75VN0,,
,,,Q5BNJ7,,
,,,B9ECN9,,
,,,B8Q7D5,,
,,,B2CLR3,,
,,,Q5BNJ6,,
,,,B2CLR2,,
,,,A5PIP0,,
,,,A1XV37,,
,,,B8Q7A5,,
,,,Q1G566,,
,,,B2CFP8,,
,,,Q951E6,,
,,,B7S6B7,,
,,,B0YIN9,,
,,,Q9MGG3,,
,,,Q5BNJ1,,
,,,A7TY79,,
,,,Q58J17,,
,,,Q64HW9,,
,,,Q17U95,,
,,,A9GZ28,,
,,,A3DWS0,,
,,,B2CC74,,
,,,Q6L7I5,,
,,,B8R745,,
,,,Q6EH66,,
,,,B7ZHQ2,,
,,,B2CLK4,,
,,,A7TY76,,
,,,B8R7M7,,
,,,Q6EHA6,,
,,,B7ZHH4,,
,,,B5KMR6,,
,,,A8E242,,
,,,Q4F7R2,,
,,,A4QIL4,,
,,,Q645D4,,
,,,Q9MGG8,,
,,,A7TY44,,
,,,B2CLH5,,
,,,A7E1E2,,
,,,Q4F7R0,,
,,,Q2KT65,,
,,,A3RIN9,,
,,,B7ZJW3,,
,,,Q94ST3,,
,,,Q5FX48,,
,,,Q4F7R1,,
,,,A8E1Z0,,
,,,Q4F7R3,,
,,,A3RKN8,,
,,,Q2QG82,,
,,,B8R7P0,,
,,,A8CFA4,,
,,,Q68N82,,
,,,B0YIP7,,
,,,A1XUX7,,
,,,A4UII0,,
,,,Q4F7R4,,
,,,A7XDS4,,
,,,Q94WI4,,
,,,Q2PHJ1,,
,,,A0ZRS5,,
,,,A4GFE5,,
,,,Q6I7U6,,
,,,Q8HL78,,
,,,A3RKM7,,
,,,A4UUZ8,,
,,,A0ZPM3,,
,,,B5A1L9,,
,,,B7ZH63,,
,,,Q58L54,,
,,,Q3KRS5,,
,,,Q7YC40,,
,,,A1XV69,,
,,,Q8SFD4,,
,,,A6XL63,,
,,,A6XL64,,
,,,Q335S8,,
,,,Q94WK4,,
,,,B3LEM5,,
,,,Q85FC0,,
,,,O21135,,
,,,Q1HUJ2,,
,,,Q4KWC1,,
,,,A7TY82,,
,,,Q85FC5,,
,,,B7XCD5,,
,,,A1XUZ5,,
,,,B5KGV0,,
,,,Q14UZ8,,
,,,Q9MCX6,,
,,,Q951E7,,
,,,Q951E8,,
,,,Q58J10,,
,,,Q9MCX5,,
,,,Q68MN1,,
,,,Q1XD74,,
,,,Q1RQI5,,
,,,B4YSL1,,
,,,Q85E08,,
,,,Q4GWN4,,
,,,A4QIW8,,
,,,B6CHY3,,
,,,B2CLL6,,
,,,A1XV70,,
,,,B8LF70,,
,,,A7TY50,,
,,,A3RKN9,,
,,,Q644W9,,
,,,B7SNC6,,
,,,B4YSJ4,,
,,,Q85D44,,
,,,Q58L56,,
,,,Q20FD8,,
,,,Q2A0K6,,
,,,A7KGT1,,
,,,Q5N6C5,,
,,,Q958C9,,
,,,Q1EHL5,,
,,,Q4KWA9,,
,,,Q4KWA3,,
,,,Q8HMQ8,,
,,,Q6Z7Y1,,
,,,A7XPB2,,
,,,A7XPB1,,
,,,Q66SV8,,
,,,Q94SU6,,
,,,A1XV13,,
,,,B6RPX1,,
,,,Q4W6H2,,
,,,B8Q7B8,,
,,,Q66ST9,,
,,,A1IGI4,,
,,,B2CLK7,,
,,,A9XTT1,,
,,,Q695V6,,
,,,Q85FC1,,
,,,A2VC93,,
,,,Q5N6B2,,
,,,Q644Z5,,
,,,A7TY96,,
,,,B2CLV7,,
,,,Q8HJS5,,
,,,Q85Q41,,
,,,A9XTT3,,
,,,A9XTT2,,
,,,Q4F7Q7,,
,,,A1XV66,,
,,,Q4F7Q9,,
,,,Q4F7Q6,,
,,,Q4F7Q8,,
,,,Q49SI7,,
,,,Q94WM3,,
,,,B8QGW1,,
,,,Q69IA9,,
,,,B8Q7A3,,
,,,B8Q7D9,,
,,,A3E048,,
,,,A3E045,,
,,,A6XL30,,
,,,A3E0M6,,
,,,B5U4G4,,
,,,Q94TG7,,
,,,A0ZRJ7,,
,,,B8Q7A8,,
,,,B4YSL2,,
,,,B9U2E4,,
,,,A3E046,,
,,,B9U2D6,,
,,,A6XL31,,
,,,A0PDR3,,
,,,A1XUZ8,,
,,,A6XL34,,
,,,A0EXV9,,
,,,A3E047,,
,,,Q1HUA1,,
,,,Q68MM9,,
,,,A0ZPZ3,,
,,,Q5BNI1,,
,,,B2CLM5,,
,,,B5DCA4,,
,,,B7ZHY0,,
,,,Q1XI62,,
,,,Q4KW96,,
,,,Q4KW67,,
,,,A3DZP7,,
,,,A3DZW6,,
,,,B1PX66,,
,,,Q9B9V3,,
,,,B2CLA4,,
,,,Q85D70,,
,,,Q70EE6,,
,,,Q5EXH6,,
,,,B7S652,,
,,,B2CLZ2,,
,,,Q5BNI0,,
,,,A7KGT5,,
,,,A9Y831,,
,,,Q4KW80,,
,,,A0ZPW7,,
,,,A3DZW5,,
,,,A1ING7,,
,,,A3DZ30,,
,,,B2CL69,,
,,,B2CL70,,
,,,B2CL71,,
,,,B7U5D4,,
,,,B5FWC7,,
,,,Q1G572,,
,,,B7FE89,,
,,,Q9MGG9,,
,,,B7ZJW7,,
,,,B2CL68,,
,,,B2CL72,,
,,,Q68MI9,,
,,,A6XLB0,,
,,,Q1XI65,,
,,,A7KGS4,,
,,,Q644I9,,
,,,B2CFM2,,
,,,A5PI71,,
,,,B8R7E9,,
,,,Q1JQW6,,
,,,A6XLA0,,
,,,A6XLA1,,
,,,A7TY51,,
,,,Q6R6A1,,
,,,Q94SE0,,
,,,Q951G9,,
,,,B5AQF7,,
,,,Q9MGH0,,
,,,B5MF07,,
,,,A3DY61,,
,,,A2VC54,,
,,,Q5VHD5,,
,,,Q951G8,,
,,,Q1HU36,,
,,,Q94WM5,,
,,,B0YIN8,,
,,,Q4VJ25,,
,,,O21203,,
,,,B2CC36,,
,,,Q50HL2,,
,,,B8Q7A7,,
,,,Q4KWA8,,
,,,Q4KWA4,,
,,,Q9MCY6,,
,,,A2VC67,,
,,,A0ZR80,,
,,,Q8HM77,,
,,,A4ZPL5,,
,,,Q58J18,,
,,,A1XV58,,
,,,A7TY58,,
,,,Q8HMJ3,,
,,,Q94TF4,,
,,,B8R758,,
,,,Q94WI5,,
,,,Q9MCY5,,
,,,A1XV08,,
,,,Q8HMS1,,
,,,Q5Z430,,
,,,B7SLT1,,
,,,A7KGU3,,
,,,Q951H6,,
,,,O47869,,
,,,A7KGT0,,
,,,Q1XI66,,
,,,B8R6N9,,
,,,B0YIN6,,
,,,Q58J13,,
,,,B2CL62,,
,,,Q644L5,,
,,,B5SRU8,,
,,,A7KGS0,,
,,,Q8HJT8,,
,,,Q7GEL9,,
,,,Q8HMB5,,
,,,Q9MGI1,,
,,,Q68MB4,,
,,,O21304,,
,,,Q951H5,,
,,,Q94SF3,,
,,,A0ZRX7,,
,,,A0ZPN9,,
,,,B3LEL2,,
,,,Q4KWB2,,
,,,Q5N6K3,,
,,,A7TY54,,
,,,A1XV45,,
,,,B7FE37,,
,,,Q1ESX8,,
,,,Q4KWA2,,
,,,Q68N20,,
,,,A7TY91,,
,,,Q8HJU2,,
,,,Q94S88,,
,,,B5FWJ4,,
,,,A0ZR41,,
,,,B7U5D2,,
,,,Q8M6M4,,
,,,Q8M6M3,,
,,,A0ZRF8,,
,,,Q69IA2,,
,,,Q68N08,,
,,,B6RAJ9,,
,,,Q94WI1,,
,,,B2CLR7,,
,,,B7ZJW4,,
,,,Q85FB5,,
,,,Q5N6L6,,
,,,Q76MN5,,
,,,Q1G570,,
,,,Q8HKU8,,
,,,B6DCF6,,
,,,B9TV11,,
,,,Q68ME3,,
,,,B5FWK7,,
,,,B6DA71,,
,,,B2CLR8,,
,,,B2CLR9,,
,,,Q1G567,,
,,,B2CLS2,,
,,,B7XC96,,
,,,B2CLB4,,
,,,A1XV12,,
,,,B7ZJX0,,
,,,B8Q7D8,,
,,,B5BQ45,,
,,,B2CLB7,,
,,,Q94YQ4,,
,,,B2CLL0,,
,,,A7TY60,,
,,,B5U2C3,,
,,,A1XV53,,
,,,B2CLL2,,
,,,A1XV74,,
,,,A1XV24,,
,,,O03537,,
,,,Q85D18,,
,,,B6JUC3,,
,,,B2CLD5,,
,,,B2CLG8,,
,,,Q2QG56,,
,,,B2CLF3,,
,,,Q94WJ9,,
,,,A7TY81,,
,,,B2CLB8,,
,,,B2CLE6,,
,,,B2CLG0,,
,,,B2CLE7,,
,,,B2CLD1,,
,,,B2CLD2,,
,,,B2CLF2,,
,,,B2CLC1,,
,,,A7BHR3,,
,,,A1XV60,,
,,,B2CLD6,,
,,,A0ZR15,,
,,,B2CLB9,,
,,,B2CLC2,,
,,,Q85U71,,
,,,B2CLC4,,
,,,B2CLD4,,
,,,B2CLG6,,
,,,B2CLC0,,
,,,Q1HUF3,,
,,,A7XM55,,
,,,A7XMC1,,
,,,A3DW69,,
,,,A7TY37,,
,,,Q1XI64,,
,,,Q94WH1,,
,,,B8Q7D2,,
,,,Q94T52,,
,,,B7ZJW1,,
,,,B2CFL5,,
,,,Q402I2,,
,,,Q58J09,,
,,,Q1HU62,,
,,,A3E0M2,,
,,,Q8HKY7,,
,,,B7SAN6,,
,,,Q94WK0,,
,,,Q9G6T5,,
,,,B6DA97,,
,,,A0EXY5,,
,,,Q7Y8V6,,
,,,A8UUL3,,
,,,Q8HL26,,
,,,Q94RY7,,
,,,Q402K1,,
,,,A4IF09,,
,,,Q1G569,,
,,,B8R6E8,,
,,,A4ZPJ7,,
,,,Q8HL00,,
,,,B9ECM5,,
,,,Q9TAD0,,
,,,B5WZH0,,
,,,Q58L43,,
,,,Q2MIQ9,,
,,,Q2A0F4,,
,,,Q2QG30,,
,,,Q85Q39,,
,,,A3E029,,
,,,Q951E4,,
,,,A3RIP0,,
,,,A3E026,,
,,,A7TYB4,,
,,,B5SRT9,,
,,,Q85FC4,,
,,,B5SRU5,,
,,,Q7JE01,,
,,,B6CHY0,,
,,,B8Q7D6,,
,,,A4GX76,,
,,,A4QIZ4,,
,,,Q4L2C2,,
,,,A1XV50,,
,,,O21193,,
,,,Q9MGI0,,
,,,A1XV62,,
,,,B7ZHU1,,
,,,A7KGS3,,
,,,Q5BNJ2,,
,,,Q6W6G4,,
,,,B6CHY5,,
,,,B6CHX8,,
,,,Q49SK0,,
,,,A8WA78,,
,,,Q85DW9,,
,,,Q4KW76,,
,,,Q8HJS8,,
,,,Q8HJS0,,
,,,Q2QFS2,,
,,,Q4KWA0,,
,,,Q94WN1,,
,,,B8R6U1,,
,,,B6CHY7,,
,,,Q8SG26,,
,,,Q645G0,,
,,,B8Q7D0,,
,,,Q951G4,,
,,,Q8LXG1,,
,,,Q94RY6,,
,,,Q94RY5,,
,,,Q94WG8,,
,,,Q4KW75,,
,,,Q4KW65,,
,,,Q951H2,,
,,,A1XV35,,
,,,A4QJ59,,
,,,A7TY95,,
,,,Q85FB7,,
,,,B2CL90,,
,,,B2CC90,,
,,,B2CL92,,
,,,Q1HUC7,,
,,,A7TY19,,
,,,A7TY20,,
,,,Q8HLF5,,
,,,A3RKN7,,
,,,Q951G6,,
,,,Q951G7,,
,,,A7XDL7,,
,,,Q85Q40,,
,,,B5WZI3,,
,,,Q9MGG1,,
,,,A3DZZ1,,
,,,B5SRU9,,
,,,B7UDV7,,
,,,A3RKM8,,
,,,B9VW50,,
,,,B3LED4,,
,,,B7UDV6,,
,,,B7UDV9,,
,,,Q9ZY43,,
,,,A3DZZ2,,
,,,A1XV31,,
,,,B6RRL3,,
,,,Q8HMW6,,
,,,A7KGR0,,
,,,Q9MNR2,,
,,,Q5BNJ4,,
,,,Q85D31,,
,,,Q5BNJ5,,
,,,A8HC83,,
,,,A3DXC1,,
,,,Q1EHQ2,,
,,,B2CLT5,,
,,,B0L655,,
,,,A6XL67,,
,,,B9ECL3,,
,,,B2CLT6,,
,,,B2CLU0,,
,,,Q9MNQ6,,
,,,A6XL68,,
,,,B2CLT9,,
,,,Q6W6J0,,
,,,A9Y838,,
,,,B4YSK2,,
,,,A4UMT5,,
,,,Q8HME1,,
,,,Q6ZLY2,,
,,,A6P396,,
,,,A7KGS8,,
,,,A6MUR5,,
,,,B9USN2,,
,,,Q644P1,,
,,,B6CHZ0,,
,,,A7XNK4,,
,,,A7XN63,,
,,,Q5MQQ7,,
,,,B1PX58,,
,,,Q645C1,,
,,,Q9TAC8,,
,,,Q85Q34,,
,,,Q4KW66,,
,,,Q9MGH3,,
,,,Q4KWA6,,
,,,B1PX57,,
,,,Q6YT34,,
,,,B7FE50,,
,,,B5WZ92,,
,,,Q6ZLX2,,
,,,Q4KWC3,,
,,,Q1HU23,,
,,,B2CLY1,,
,,,A7TYA0,,
,,,Q5MQN1,,
,,,A4QJ85,,
,,,Q85UK2,,
,,,B9ECI7,,
,,,Q9ZZ35,,
,,,B4YSK9,,
,,,Q94RK0,,
,,,Q9MNQ5,,
,,,Q9XKW7,,
,,,A1XUX8,,
,,,A7TY57,,
