title,price,link,image
Be Nice To People T Shirt,15.00,http://amzn.to/2rvHwtU,be-nice-to-people-t-shirt.jpg
Tacos T Shirt,15.00,http://amzn.to/2rEP90s,tacos-t-shirt.jpg
Red White and Blue Fireworks T Shirt,15.00,http://amzn.to/2rBN7Bg,red-white-blue-fireworks-t-shirt.png
Every American Flag T-Shirt,15.00,http://amzn.to/2qYqiEY,every-us-flag-t-shirt.jpg
Vertical USA Flag with US One Hundred Dollar Bill T-Shirt,20.00,http://amzn.to/2ru2UTE,usa-flag-with-us-one-hundred-dollar-bill-t-shirt.jpg
Horizontal USA Flag with US One Hundred Dollar Bill T-Shirt,20.00,http://amzn.to/2rWQTXg,horizontal-usa-flag-with-us-one-hundred-dollar-bill-t-shirt.jpg
One Hundred Dollar Bill T Shirt,12.00,http://amzn.to/2s4YaUe,one-hundred-dollar-t-shirt.jpg
Anyone need a seven ten cap? T-shirt,12.00,http://amzn.to/2rsy5uH,seven-ten-cap-t-shirt.jpg
HTML Web Designer and Web Developer T-Shirt,20.00,http://amzn.to/2swGSgo,white-html-body-sarcasm-t-shirt-front.jpg
HTML Web Designer and Web Developer T-Shirt,20.00,http://amzn.to/2rgQRsA,html-body-sarcasm-t-shirt-front.jpg
I'd Rather Be Camping T-Shirt,12.00,http://amzn.to/2pYl9eR,i-d-rather-be-camping-t-shirt.jpg
Keep Clam and Proofread Funny T-Shirt,12.00,http://amzn.to/2mQ8cX4,keep-clam-and-proofread-funny-t-shirt.jpg
I Love My Dog T-Shirt,12.00,http://amzn.to/2lMpiW6,i-love-my-dog-t-shirt.jpg
Dogs Are Love T Shirt,15.00,http://amzn.to/2sy9uJr,dogs-are-love-t-shirt.jpg
I Love My Cockapoo T Shirt,17.00,http://amzn.to/2rWUW1q,i-love-my-cockapoo-t-shirt.jpg
I Can Explain It To You Engineer Scientist T-Shirt,12.00,http://amzn.to/2mNAygo,i-can-explain-it-to-you-t-shirt.jpg
At My Age Sometimes I Stop to Think Funny Adult T-Shirt,12.00,http://amzn.to/2oJ4XyX,at-my-age-t-shirt.jpg
My Dog is my Player 2 T-Shirt,12.00,http://amzn.to/2pcXE6B,my-dog-is-my-player-2-t-shirt.jpg
Why Do Today Funny Procrastinator's T-Shirt,12.00,http://amzn.to/2s9Vntk,why-do-today-t-shirt.jpg
what's the libertarian stance on that? T-Shirt,15.00,http://amzn.to/2sLsEIE,dark-liberarian-stance-t-shirt.jpg
I know I'm Awesome Let's Not Make a Big Deal T Shirt,15.00,http://amzn.to/2s2oqfW,im-awesome-t-shirt.jpg
Awesome All Day Everyday T-shirt,14.00,http://amzn.to/2tcuk0M,awesome-all-day-everyday-t-shirt.jpg
My Daily Routine: Get Up, Be Amazing, Go Back To Bed Tshirt,13.00,http://amzn.to/2sufFdd,be-amazing-t-shirt.jpg
Lif is Too Short - Funny Pun Joke T Shirt,15.00,http://amzn.to/2tlTCWQ,lif-is-too-short-t-shirt.jpg
I Can't Color Inside the Lines - Cool Artistic T Shirt,15.00,http://amzn.to/2tm7IYi,i-cant-color-inside-the-lines-t-shirt.jpg
